CREATE DATABASE  IF NOT EXISTS `cs6400_sm19_team013` /*!40100 DEFAULT CHARACTER SET utf8mb4 COLLATE utf8mb4_unicode_ci */ /*!80016 DEFAULT ENCRYPTION='N' */;
USE `cs6400_sm19_team013`;
-- MySQL dump 10.13  Distrib 8.0.16, for macos10.14 (x86_64)
--
-- Host: 127.0.0.1    Database: cs6400_sm19_team013
-- ------------------------------------------------------
-- Server version	8.0.16

/*!40101 SET @OLD_CHARACTER_SET_CLIENT=@@CHARACTER_SET_CLIENT */;
/*!40101 SET @OLD_CHARACTER_SET_RESULTS=@@CHARACTER_SET_RESULTS */;
/*!40101 SET @OLD_COLLATION_CONNECTION=@@COLLATION_CONNECTION */;
 SET NAMES utf8 ;
/*!40103 SET @OLD_TIME_ZONE=@@TIME_ZONE */;
/*!40103 SET TIME_ZONE='+00:00' */;
/*!40014 SET @OLD_UNIQUE_CHECKS=@@UNIQUE_CHECKS, UNIQUE_CHECKS=0 */;
/*!40014 SET @OLD_FOREIGN_KEY_CHECKS=@@FOREIGN_KEY_CHECKS, FOREIGN_KEY_CHECKS=0 */;
/*!40101 SET @OLD_SQL_MODE=@@SQL_MODE, SQL_MODE='NO_AUTO_VALUE_ON_ZERO' */;
/*!40111 SET @OLD_SQL_NOTES=@@SQL_NOTES, SQL_NOTES=0 */;

--
-- Table structure for table `business`
--

DROP TABLE IF EXISTS `business`;
/*!40101 SET @saved_cs_client     = @@character_set_client */;
 SET character_set_client = utf8mb4 ;
CREATE TABLE `business` (
  `tax_id_number` varchar(50) COLLATE utf8mb4_unicode_ci NOT NULL,
  `customer_id` int(32) unsigned NOT NULL,
  `business_name` varchar(50) COLLATE utf8mb4_unicode_ci NOT NULL,
  `pc_name` varchar(50) COLLATE utf8mb4_unicode_ci NOT NULL,
  `pc_title` varchar(50) COLLATE utf8mb4_unicode_ci NOT NULL,
  PRIMARY KEY (`tax_id_number`),
  UNIQUE KEY `customer_id` (`customer_id`),
  CONSTRAINT `fk_business_customer_id_customer_customer_id` FOREIGN KEY (`customer_id`) REFERENCES `customer` (`customer_id`)
) ENGINE=InnoDB DEFAULT CHARSET=utf8mb4 COLLATE=utf8mb4_unicode_ci;
/*!40101 SET character_set_client = @saved_cs_client */;

--
-- Dumping data for table `business`
--

LOCK TABLES `business` WRITE;
/*!40000 ALTER TABLE `business` DISABLE KEYS */;
INSERT INTO `business` VALUES ('00-6186900',65,'Labdrill','Olive Kiel','Manager L3'),('08-9519988',154,'Hatfan','Maurine Briddick','Associate Manager M8'),('09-2477131',141,'year-job','Jerry Darakjy','Scientist L2'),('10-1885341',89,'Betatech','Lai Shin','Senior Scientist R1'),('12-2459515',102,'Nam-zim','Lonny Marrier','SalesRep M9'),('12-8194115',157,'Hottechi','Katina Layous','Scientist M9'),('15-6515230',51,'Yearin','Taryn Slayton','SalesRep L5'),('17-8311836',7,'Warephase','Raymon Wenner','Researcher M4'),('18-6868850',108,'Sunnamplex','Lavonda Juvera','Director R8'),('19-6241359',153,'dambase','Tawna Tomasulo','Associate Fellow M4'),('21-0607602',119,'Ron-tech','Blair Sawchuk','Senior Manager M4'),('25-2484659',97,'Groovestreet','Paz Blunk','Senior Director R8'),('25-8509075',139,'Zencorporation','Eun Bolognia','Senior Director M3'),('26-0493429',62,'Silis','Kanisha Rowling','Director M3'),('27-2108866',111,'Toughzap','Ettie Shin','Senior Director R8'),('33-3122572',48,'Blackzim','Dominque Venere','Senior Scientist M9'),('34-4111553',73,'Labdrill','Alease Regusters','Researcher L3'),('34-9450658',120,'Finhigh','Mollie Nestle','Senior Manager R8'),('35-0728111',80,'Fasehatice','Chantell Kulzer','Director R7'),('37-0917926',160,'Statholdings','Frederica Lietz','Senior Director L4'),('38-0990951',121,'Lexiqvolax','Carmela Scipione','Fellow R7'),('38-5715366',112,'J-Texon','Louvenia Bevelacqua','Senior Director L4'),('39-7861291',124,'Plexzap','Carey Mconnell','Associate Director L4'),('41-5753983',130,'Xx-zobam','Vilma Bartolet','Senior Director R9'),('43-0143820',24,'Plussunin','Tresa Liukko','Associate Fellow R3'),('43-4733948',63,'Goodsilron','Lai Storment','Associate Manager M7'),('53-2746024',35,'Warephase','Hoa Varriano','Associate Director M1'),('53-5128822',91,'Iselectrics','Emerson Mirafuentes','Associate Fellow M2'),('60-8943972',149,'Iselectrics','Golda Raymo','Senior Director L2'),('62-2765556',49,'Kan-code','Truman Miro','Senior Director L2'),('66-0947691',71,'Zotware','Eladia Castros','Senior Director M5'),('68-0050695',164,'Donware','Markus Bruschke','SalesRep R2'),('73-9308544',40,'Cancity','Irma Monarrez','Manager R8'),('75-4600214',148,'Ron-tech','Ilene Fishburne','Scientist R1'),('75-7314641',38,'Openlane','France Gleich','Manager R3'),('80-2924796',109,'J-Texon','Twana Rulapaugh','Researcher R5'),('88-2511678',20,'Inity','Olive Lueckenbach','Director R4'),('93-6088457',15,'Zencorporation','Talia Vizarro','Executive Manager R7'),('94-0706896',94,'Mathtouch','Valentine Kulzer','Senior Manager M1'),('96-4982785',74,'Bioholding','Levi Chesterfield','Senior Scientist M4'),('97-4309225',104,'Bioplex','Janine Baltimore','Senior Manager L2');
/*!40000 ALTER TABLE `business` ENABLE KEYS */;
UNLOCK TABLES;

--
-- Table structure for table `customer`
--

DROP TABLE IF EXISTS `customer`;
/*!40101 SET @saved_cs_client     = @@character_set_client */;
 SET character_set_client = utf8mb4 ;
CREATE TABLE `customer` (
  `customer_id` int(32) unsigned NOT NULL AUTO_INCREMENT,
  `phone_number` varchar(20) COLLATE utf8mb4_unicode_ci NOT NULL,
  `email` varchar(50) COLLATE utf8mb4_unicode_ci DEFAULT NULL,
  `street` varchar(50) COLLATE utf8mb4_unicode_ci NOT NULL,
  `city` varchar(50) COLLATE utf8mb4_unicode_ci NOT NULL,
  `state` varchar(50) COLLATE utf8mb4_unicode_ci NOT NULL,
  `postal_code` varchar(15) COLLATE utf8mb4_unicode_ci NOT NULL,
  PRIMARY KEY (`customer_id`)
) ENGINE=InnoDB AUTO_INCREMENT=166 DEFAULT CHARSET=utf8mb4 COLLATE=utf8mb4_unicode_ci;
/*!40101 SET character_set_client = @saved_cs_client */;

--
-- Dumping data for table `customer`
--

LOCK TABLES `customer` WRITE;
/*!40000 ALTER TABLE `customer` DISABLE KEYS */;
INSERT INTO `customer` VALUES (1,'9509224748','lshinko@plussunin.com','4666 10-street','Boston','TN','61462'),(2,'1859590014','cgibes@dontechi.com','5092 20-street','Tulsa','OH','36477'),(3,'5571476773','hauffrey@domzoom.com','7876 13-street','Anchorage','CA','60946'),(4,'5201367484','tfunnell@zoomit.com','3334 8-street','Austin','TX','72284'),(5,'368278690','amaybury@finhigh.com','3899 6-street','Boise City','VA','23115'),(6,'4584955666','rskulski@sonron.com','3367 4-street','Madison','TX','13950'),(7,'618710071','arentfro@domzoom.com','6729 13-street','Henderson','NE','7428'),(8,'247749496','lrhoden@golddex.com','8102 19-street','Los Angeles','CA','14989'),(9,'7180122511','sisaacs@goodsilron.com','3397 3-street','Denver','CO','91136'),(10,'7732242202','ejuhas@warephase.com','9582 11-street','Seattle','WA','96264'),(11,'3331922115','dsarao@golddex.com','4454 14-street','Buffalo','NJ','98345'),(12,'2294596620','titurbide@rangreen.com','9483 7-street','Anchorage','CA','68807'),(13,'8315356658','ntoelkes@iselectrics.com','8050 11-street','Henderson','NE','94296'),(14,'1353591607','cacey@nam-zim.com','3638 10-street','Houston','TX','87596'),(15,'2299669538','rreiber@dalttechnology.com','4899 2-street','Detroit','MI','49663'),(16,'4915233597','scomnick@streethex.com','3460 15-street','Chicago','IL','61708'),(17,'1675218251','llinahan@finjob.com','5462 20-street','Denver','CO','59180'),(18,'8468971957','eschieler@blackzim.com','6810 18-street','Indianapolis','IN','13749'),(19,'7269642762','ebarfield@betasoloin.com','2150 20-street','San Francisco','CA','69842'),(20,'5588339447','lbevelacqua@konmatfix.com','7730 4-street','Tampa','HI','19012'),(21,'720363016','abitsuie@xx-zobam.com','7156 12-street','Plano','NV','90870'),(22,'5466289697','nsemidey@blackzim.com','5274 2-street','New York','NY','5501'),(23,'6568801094','lmonarrez@doncon.com','6786 21-street','Scottsdale','NV','80515'),(24,'4869498938','gcomnick@conecom.com','7817 19-street','Memphis','TN','6064'),(25,'4246621714','scloney@konmatfix.com','5861 16-street','Kansas City','AZ','24586'),(26,'8862184577','vparvis@opentech.com','7282 17-street','Plano','NV','12480'),(27,'9353320487','ijayson@cancity.com','7754 16-street','Charlotte','NC','89983'),(28,'5858632305','ebaltimore@singletechno.com','6792 5-street','Jacksonville','FL','71766'),(29,'7397974944','akusko@zencorporation.com','3583 21-street','Houston','TX','61159'),(30,'1107569648',NULL,'5135 21-street','Los Angeles','CA','16330'),(31,'9481709095',NULL,'703 20-street','Fort Worth','TX','58757'),(32,'6596733592','ljurney@konmatfix.com','6627 16-street','Charlotte','NC','38430'),(33,'3761032673','jbiddy@iselectrics.com','200 18-street','Lincoln','NY','65794'),(34,'663692676','kfarrow@gogozoom.com','2241 9-street','St. Paul','OH','9779'),(35,'3963753798','lehmann@dontechi.com','7687 5-street','Atlanta','CO','18500'),(36,'1455563822','svinning@domzoom.com','712 19-street','Houston','TX','4775'),(37,'9425991853','ahughey@dambase.com','1719 20-street','Oklahoma City','KY','10898'),(38,'2122687338','tbartolet@xx-holding.com','8458 18-street','Nashville-Davidson','MD','64729'),(39,'4940003129','mmalvin@funholding.com','4019 5-street','Aurora','CA','53539'),(40,'692888034','dkaniecki@funholding.com','142 16-street','Los Angeles','CA','70143'),(41,'5318388770','ekines@donware.com','419 6-street','Columbus','OH','7051'),(42,'1974184430','bmunns@codehow.com','6534 7-street','Columbus','OH','28691'),(43,'6762288681','jwitten@toughzap.com','3171 20-street','Nashville-Davidson','MD','86587'),(44,'9596403978','dsetter@zumgoity.com','9246 12-street','Corpus Christi','KY','96337'),(45,'6744378134','hmontezuma@donware.com','648 12-street','North Las Vegas','CA','54125'),(46,'8502719603','nperez@blackzim.com','2904 21-street','Memphis','TN','41308'),(47,'6430223893','cleto@ontomedia.com','3244 1-street','Plano','NV','60791'),(48,'3347958726',NULL,'8743 3-street','Albuquerque','AZ','57095'),(49,'5857219334','sweight@dalttechnology.com','5406 12-street','Santa Ana','MO','67088'),(50,'7150655947',NULL,'9534 1-street','Glendale','TX','71607'),(51,'3845738997','dyglesias@silis.com','840 4-street','Oakland','MN','18815'),(52,'1678547402','nschemmer@zencorporation.com','3726 8-street','Baltimore','OK','33994'),(53,'5596686485','jkoppinger@bioplex.com','4940 2-street','Anaheim','CA','79483'),(54,'2439635928','apinilla@ron-tech.com','4911 3-street','Chula Vista','IN','14642'),(55,'291639883','tradde@stanredtax.com','196 14-street','San Diego','CA','63845'),(56,'1387530559','faquas@scottech.com','5376 2-street','Arlington','LA','78037'),(57,'389051409','eluczki@hatfan.com','3968 4-street','Newark','TX','26131'),(58,'4752675684','xgochal@donquadtech.com','8284 1-street','Tucson','CA','49195'),(59,'7239819567','ddilello@rantouch.com','5496 3-street','Denver','CO','6934'),(60,'4406850849','dengelberg@rantouch.com','914 20-street','San Antonio','TX','68448'),(61,'3539684893','lhalter@openlane.com','350 5-street','Colorado Springs','NE','8954'),(62,'1382305220','hcaiafa@codehow.com','7260 3-street','Sacramento','CA','45101'),(63,'6670173598','earedondo@scottech.com','8485 9-street','Fort Worth','TX','38021'),(64,'728931740','amorocco@stanredtax.com','226 14-street','Tucson','CA','80383'),(65,'6422597429','epalaspas@stanredtax.com','7367 5-street','Minneapolis','OK','78814'),(66,'5139591614','cgoldammer@silis.com','3758 3-street','Houston','TX','93403'),(67,'9342834158','mdilello@openlane.com','5573 7-street','Bakersfield','FL','54549'),(68,'3742674013','jfern@bioplex.com','793 8-street','New York','NY','99051'),(69,'6254507435','lpawlowicz@gogozoom.com','9893 13-street','Madison','TX','95139'),(70,'7988113075','jfigeroa@faxquote.com','9685 2-street','Boston','TN','22976'),(71,'8269013055','emauson@konmatfix.com','6556 12-street','Oakland','MN','27258'),(72,'6663567812','dhoneywell@blackzim.com','3860 16-street','Stockton','OH','70202'),(73,'3880267245','hauffrey@sunnamplex.com','3597 2-street','Fort Worth','TX','16909'),(74,'7577794453','ncolla@dambase.com','9934 21-street','Oakland','MN','43123'),(75,'706470748','yfelger@groovestreet.com','2680 7-street','Baltimore','OK','83300'),(76,'4935277297','bgellinger@green-plus.com','8904 1-street','Honolulu','CO','22824'),(77,'9460075046','klace@finjob.com','609 14-street','Omaha','NC','98545'),(78,'8799619111','chollack@zoomit.com','3224 16-street','Sacramento','CA','24724'),(79,'1680591543','dperin@doncon.com','8884 9-street','Sacramento','CA','56712'),(80,'4968436811','ibrucato@stanredtax.com','5872 2-street','Santa Ana','MO','63822'),(81,'9796761201','dgalam@lexiqvolax.com','2852 9-street','Reno','VA','59227'),(82,'4267282394','anunlee@zencorporation.com','8575 14-street','Austin','TX','30398'),(83,'9968600599','aagramonte@isdom.com','8098 20-street','Wichita','TX','49318'),(84,'2702089410','lrantanen@plusstrip.com','5202 20-street','Fort Worth','TX','91740'),(85,'5788081288','wbreland@konmatfix.com','2359 5-street','Oklahoma City','KY','68456'),(86,'6222810837','donofrio@warephase.com','2749 6-street','Charlotte','NC','98482'),(87,'3232843344','khalter@betatech.com','6938 7-street','Albuquerque','AZ','92207'),(88,'1020207641','oostrosky@faxquote.com','1895 11-street','Fort Worth','TX','54411'),(89,'718891515','tperin@blackzim.com','6078 4-street','Anchorage','CA','89677'),(90,'5575984000',NULL,'9824 9-street','Wichita','TX','12236'),(91,'4265505072','ckolmetz@warephase.com','8251 15-street','Arlington','LA','83488'),(92,'7771651721','chellickson@donware.com','1196 18-street','Wichita','TX','27818'),(93,'6411017442','mbutt@plexzap.com','2910 16-street','Fort Worth','TX','68619'),(94,'9953808583','lhaufler@zathunicon.com','2797 5-street','El Paso','TX','45787'),(95,'1587263688','bsaylors@codehow.com','6008 14-street','Honolulu','CO','96626'),(96,'8898240201','jdemesa@scottech.com','9597 6-street','Garland','FL','23856'),(97,'8606030011','rblackwood@y-corporation.com','4833 11-street','Austin','TX','2720'),(98,'5341057929','tregusters@ganjaflex.com','9675 2-street','Jersey City','CA','70105'),(99,'1448914508','awildfong@gogozoom.com','6043 6-street','Dallas','TX','21023'),(100,'3908583441','hherritt@dalttechnology.com','7044 16-street','Dallas','TX','53850'),(101,'9919665090','mcentini@singletechno.com','5345 16-street','Reno','VA','79485'),(102,'1267381896','jlindall@kinnamplus.com','2802 21-street','North Las Vegas','CA','82749'),(103,'4856335522','rdelasancha@stanredtax.com','5214 17-street','St. Louis','CA','66315'),(104,'6460745453','estockham@y-corporation.com','6657 14-street','Dallas','TX','44760'),(105,'8937050319','rmaynerich@zumgoity.com','9964 12-street','New York','NY','2933'),(106,'1529913151','bonofrio@scotfind.com','9737 7-street','Seattle','WA','12926'),(107,'3317859541','cbenimadho@newex.com','6150 17-street','Norfolk','NC','3321'),(108,'4943302000','nboord@betatech.com','8045 10-street','Memphis','TN','26029'),(109,'1295867444','fschemmer@toughzap.com','8540 3-street','Anaheim','CA','89578'),(110,'2977557657','tfrerking@plexzap.com','7175 16-street','Cincinnati','MN','17189'),(111,'2765842516','ltegarden@scotfind.com','4630 14-street','Charlotte','NC','91338'),(112,'1734123340','lcorbley@goodsilron.com','9429 5-street','Irvine','NC','23551'),(113,'7577634102','tbachman@konex.com','237 5-street','St. Louis','CA','43201'),(114,'838636926',NULL,'8665 18-street','Detroit','MI','89762'),(115,'3963308236','sgiguere@finjob.com','3394 11-street','Virginia Beach','GA','21078'),(116,'5753398951','ndilliard@hottechi.com','9510 18-street','Long Beach','MO','9794'),(117,'8250500917','jmunis@gogozoom.com','5943 8-street','Wichita','TX','29847'),(118,'4184402236','jlukasik@xx-holding.com','9487 7-street','Cleveland','KS','17954'),(119,'1352389656',NULL,'5697 4-street','Lexington-Fayette','PA','64481'),(120,'2216937687','bfrey@goodsilron.com','9526 8-street','Anchorage','CA','9544'),(121,'1325956157','dbrucato@plexzap.com','8359 17-street','Colorado Springs','NE','37713'),(122,'9963348430','afillingim@kan-code.com','8691 9-street','Indianapolis','IN','6705'),(123,'9680830274','hwaymire@newex.com','1130 3-street','Baltimore','OK','28902'),(124,'6799503633','xscheyer@warephase.com','4826 21-street','Baltimore','OK','48572'),(125,'6288898018','amaile@conecom.com','7350 8-street','Portland','NV','32773'),(126,'2831852567','ngiguere@silis.com','9998 18-street','Nashville-Davidson','MD','74375'),(127,'5654051915','kbourbon@scotfind.com','3155 3-street','Las Vegas','WI','9573'),(128,'9248918714','pmartabano@doncon.com','2985 14-street','Los Angeles','CA','87682'),(129,'3915729799','jglick@goodsilron.com','6402 7-street','Irvine','NC','16724'),(130,'7702201434','alorens@zencorporation.com','564 7-street','Phoenix','AZ','30761'),(131,'4902392607','kkippley@stanredtax.com','1228 6-street','Hialeah','NV','21726'),(132,'2738568375','tlinahan@labdrill.com','1604 1-street','Omaha','NC','3539'),(133,'8985019834','qcantres@lexiqvolax.com','4691 12-street','Minneapolis','OK','93225'),(134,'675048928','kgudroe@plussunin.com','4876 9-street','Lexington-Fayette','PA','27546'),(135,'1252295282','yturinetti@j-texon.com','5310 19-street','Cincinnati','MN','83089'),(136,'6850141056','lferencz@streethex.com','7582 7-street','Fort Wayne','FL','97639'),(137,'4303290648','ykonopacki@plusstrip.com','1138 17-street','St. Petersburg','AZ','99882'),(138,'4693228016','ahidvegi@scotfind.com','5887 16-street','Mesa','VA','78558'),(139,'9621955506','asweigard@kinnamplus.com','5737 4-street','Boston','TN','73659'),(140,'1577607406',NULL,'63 19-street','Orlando','FL','68407'),(141,'527694166','dmiro@rundofase.com','1297 8-street','Raleigh','FL','54202'),(142,'505368401','dferencz@konex.com','1013 15-street','Chula Vista','IN','16752'),(143,'213399946','tmconnell@zumgoity.com','438 4-street','Riverside','TX','71675'),(144,'3841718234','aogg@dalttechnology.com','4250 21-street','Virginia Beach','GA','70041'),(145,'4754848228','jgotter@dontechi.com','5969 13-street','Buffalo','NJ','66988'),(146,'2533720672','lahle@goodsilron.com','3433 21-street','Jersey City','CA','97554'),(147,'9161351894','jpinilla@openlane.com','1838 2-street','Mesa','VA','21902'),(148,'1320896761','rgato@bioholding.com','439 15-street','Bakersfield','FL','32198'),(149,'1326205709',NULL,'8257 14-street','Norfolk','NC','96993'),(150,'2563801437',NULL,'5398 12-street','Lubbock','CA','18344'),(151,'9396666663','ezurcher@bioplex.com','6175 17-street','Jacksonville','FL','13791'),(152,'6582231709','lhoffis@singletechno.com','5810 1-street','Greensboro','NJ','23981'),(153,'9203540780','whengel@plexzap.com','5374 19-street','Gilbert','LA','18192'),(154,'583472854','gleinenbach@betasoloin.com','3646 6-street','Richmond','CA','14113'),(155,'5896714927','ltomasulo@blackzim.com','8634 11-street','San Francisco','CA','98229'),(156,'8740455825','ydegroot@stanredtax.com','9146 8-street','Oklahoma City','KY','78936'),(157,'9935571206','lkeener@betasoloin.com','9593 5-street','Philadelphia','PA','14670'),(158,'1574497569','jfortino@finjob.com','7535 13-street','New Orleans','CA','21560'),(159,'2413273945','cpadilla@codehow.com','9723 1-street','Chandler','TX','94525'),(160,'5133181891','apoullion@year-job.com','1018 7-street','Newark','TX','25874'),(161,'1187497771','cstoltzman@rundofase.com','5437 3-street','Irving','AZ','89091'),(162,'1579571338','mharoldson@sumace.com','4203 19-street','Los Angeles','CA','95231'),(163,'9991476373','lgillaspie@zencorporation.com','9349 13-street','Reno','VA','3955'),(164,'4190403055','kehmann@newex.com','9564 6-street','San Diego','CA','14868'),(165,'1374181394','smaybury@bioplex.com','3096 19-street','Baton Rouge','TX','62255');
/*!40000 ALTER TABLE `customer` ENABLE KEYS */;
UNLOCK TABLES;

--
-- Table structure for table `individual`
--

DROP TABLE IF EXISTS `individual`;
/*!40101 SET @saved_cs_client     = @@character_set_client */;
 SET character_set_client = utf8mb4 ;
CREATE TABLE `individual` (
  `driver_license_number` varchar(50) COLLATE utf8mb4_unicode_ci NOT NULL,
  `customer_id` int(32) unsigned NOT NULL,
  `individual_first_name` varchar(50) COLLATE utf8mb4_unicode_ci NOT NULL,
  `individual_last_name` varchar(50) COLLATE utf8mb4_unicode_ci NOT NULL,
  PRIMARY KEY (`driver_license_number`),
  UNIQUE KEY `customer_id` (`customer_id`),
  CONSTRAINT `fk_individual_customer_id_customer_customer_id` FOREIGN KEY (`customer_id`) REFERENCES `customer` (`customer_id`)
) ENGINE=InnoDB DEFAULT CHARSET=utf8mb4 COLLATE=utf8mb4_unicode_ci;
/*!40101 SET character_set_client = @saved_cs_client */;

--
-- Dumping data for table `individual`
--

LOCK TABLES `individual` WRITE;
/*!40000 ALTER TABLE `individual` DISABLE KEYS */;
INSERT INTO `individual` VALUES ('A0519346932',34,'Sarah','Pawlowicz'),('A0891946418',13,'Stephen','Pelkowski'),('A0953343682',136,'Helene','Saylors'),('A1543433846',23,'Lenna','Skulski'),('A1953394969',103,'Lorrine','Pagliuca'),('A2130488970',37,'Nicolette','Biddy'),('A2156704547',90,'Xochitl','Pagliuca'),('A2628970055',28,'Cristy','Acey'),('A2840015188',68,'Skye','Estell'),('A3747937972',56,'Leatha','Batman'),('A3961543582',162,'Carmelina','Rauser'),('A4237394300',39,'Shenika','Kines'),('A4363352704',45,'Adell','Leinenbach'),('A4708877275',117,'Samira','Nachor'),('A5116094170',26,'Shawna','Cousey'),('A5441879198',155,'Fabiola','Keener'),('A5932340550',147,'Blair','Cronauer'),('A6434991693',81,'Truman','Strassner'),('A6448389020',93,'Kimberlie','Stockham'),('A6482150674',32,'Daniela','Mai'),('A6657577671',127,'Lemuel','Kardas'),('A6819485677',16,'Mariann','Burnard'),('A7120700731',72,'Junita','Toelkes'),('A7690497079',1,'Sylvia','Kusko'),('A8107181602',95,'Norah','Gleich'),('A8352857373',8,'Felicidad','Discipio'),('A8940446385',163,'Annelle','Reiber'),('A9685977010',66,'Louvenia','Gillaspie'),('A9800617405',70,'Golda','Kannady'),('B0118879496',135,'Sylvia','Kitty'),('B0504258873',158,'Merissa','Wolny'),('B0585188333',69,'Lorrie','Boord'),('B0664933596',84,'Weldon','Gehrett'),('B0676368739',140,'Refugia','Riden'),('B1467621707',61,'Arlette','Arias'),('B1872571043',115,'Elvera','Flosi'),('B1897119906',143,'Filiberto','Limmel'),('B2116633076',21,'Wilda','Fritz'),('B2287458166',42,'Rolland','Emigh'),('B2804248768',59,'Donte','Cousey'),('B2906209149',12,'Chanel','Kippley'),('B3151226118',142,'Delisa','Buvens'),('B3621247910',116,'Edna','Wolny'),('B3716300300',98,'Art','Degroot'),('B4543107001',47,'Cyndy','Royster'),('B4645539147',137,'Lili','Arias'),('B4683383831',152,'Gracia','Agramonte'),('B4745861576',128,'Brett','Toelkes'),('B4761949869',78,'Oretha','Cork'),('B4801537581',83,'Gracia','Sengbusch'),('B4913696298',5,'Raylene','Zepp'),('B5327595424',156,'Ressie','Palaia'),('B5428704297',99,'Gracia','Ennaco'),('B5930662838',6,'Latrice','Claucherty'),('B6148685373',11,'Mireya','Sawchuk'),('B6520528449',29,'Donette','Felger'),('B6645695262',55,'Jose','Calvaresi'),('B6684374397',151,'Mariann','Lary'),('B6711015012',161,'Mitsue','Slusarski'),('B6894388117',92,'Wynell','Swayze'),('B7298707408',133,'Nana','Newville'),('B7658453163',18,'Cyndy','Gochal'),('B7770854372',165,'Garry','Schnitzler'),('B7825808469',30,'Glendora','Ennaco'),('B7916407234',123,'Ressie','Hoffis'),('B8617696591',138,'Helaine','Maclead'),('B8740149731',118,'Micaela','Cookey'),('B8838483933',106,'Tamar','Rodefer'),('B9167611164',75,'Mitsue','Diestel'),('C0188223064',36,'Mitsue','Tomasulo'),('C0640712551',122,'Talia','Keetch'),('C1172628796',64,'Jacqueline','Shields'),('C1317447002',85,'Franklyn','Kaniecki'),('C1394323936',50,'Aliza','Meisel'),('C1404134532',100,'Junita','Perigo'),('C1550981362',134,'Glenna','Newville'),('C2448589066',33,'Eden','Mirafuentes'),('C2744068306',146,'Virgie','Garufi'),('C3304949185',10,'Gail','Scheyer'),('C3670850732',52,'Alishia','Latzke'),('C3686964342',96,'Josphine','Degroot'),('C3701564618',129,'Rhea','Jillson'),('C4179179446',58,'Alyce','Hauenstein'),('C4376643077',107,'Earleen','Onofrio'),('C4429219457',113,'Rhea','Pontoriero'),('C5517920862',41,'Tyra','Jacobos'),('C6508528685',132,'Elke','Felger'),('C6885206034',53,'Jina','Bowley'),('C6972781026',3,'Ma','Yum'),('C7154501254',159,'Glenna','Onofrio'),('C7245495659',110,'Oretha','Bowley'),('C7482916743',105,'Lenna','Honeywell'),('C7731551051',27,'Larae','Thyberg'),('C7821395607',2,'Glendora','Rodeigues'),('C8244565014',60,'Irma','Dhamer'),('C8694307110',54,'Katina','Monarrez'),('C8771937989',76,'Thaddeus','Lawler'),('C8989750395',86,'Derick','Dilliard'),('C9736973233',14,'Joesph','Haufler'),('C9808620269',131,'Martina','Lietz'),('C9903567737',4,'Linn','Hollack'),('D0838982647',126,'Sylvia','Kohnert'),('D1162502438',79,'Lili','Farrar'),('D1451097081',67,'France','Figeroa'),('D1490490202',114,'Audry','Wide'),('D1610396701',77,'Chaya','Palaia'),('D2548986249',150,'Xochitl','Knipp'),('D2619628333',87,'Junita','Walthall'),('D3829841679',31,'Shawna','Vizarro'),('D4296267174',144,'Ahmed','Padilla'),('D4435428566',44,'Jacqueline','Strassner'),('D5555586904',46,'Annmarie','Royster'),('D5653451679',22,'Van','Comnick'),('D6463541439',9,'Lizbeth','Foller'),('D7279401089',82,'Junita','Miro'),('D7751875993',145,'Carissa','Similton'),('D7757448068',88,'Merilyn','Maile'),('D7770361115',57,'Luisa','Malet'),('D7934013852',19,'Lavonna','Good'),('D8463845828',43,'Stephaine','Drymon'),('D9431249359',17,'Benton','Konopacki'),('D9635369685',101,'Carmelina','Staback'),('D9745941406',25,'My','Arceo'),('D9806834505',125,'Tyra','Layous');
/*!40000 ALTER TABLE `individual` ENABLE KEYS */;
UNLOCK TABLES;

--
-- Table structure for table `manufacturer`
--

DROP TABLE IF EXISTS `manufacturer`;
/*!40101 SET @saved_cs_client     = @@character_set_client */;
 SET character_set_client = utf8mb4 ;
CREATE TABLE `manufacturer` (
  `manufacturer_name` varchar(50) COLLATE utf8mb4_unicode_ci NOT NULL,
  PRIMARY KEY (`manufacturer_name`)
) ENGINE=InnoDB DEFAULT CHARSET=utf8mb4 COLLATE=utf8mb4_unicode_ci;
/*!40101 SET character_set_client = @saved_cs_client */;

--
-- Dumping data for table `manufacturer`
--

LOCK TABLES `manufacturer` WRITE;
/*!40000 ALTER TABLE `manufacturer` DISABLE KEYS */;
INSERT INTO `manufacturer` VALUES ('Acura'),('Alfa'),('Aston'),('Audi'),('Bentley'),('BMW'),('Buick'),('Cadillac'),('Chevrolet'),('Chrysler'),('Dodge'),('Ferrari'),('FIAT'),('Ford'),('Freightliner'),('Genesis'),('GMC'),('Honda'),('Hyundai'),('INFINITI'),('Jaguar'),('Jeep'),('Kia'),('Lamborghini'),('Land'),('Lexus'),('Lincoln'),('Lotus'),('Martin'),('Maserati'),('MAZDA'),('McLaren'),('Mercedes-Benz'),('MINI'),('Mitsubishi'),('Nissan'),('Porsche'),('Ram'),('Rolls-Royce'),('Romeo'),('Rover'),('smart'),('Subaru'),('Tesla'),('Toyota'),('Volkswagen'),('Volvo');
/*!40000 ALTER TABLE `manufacturer` ENABLE KEYS */;
UNLOCK TABLES;

--
-- Table structure for table `purchase`
--

DROP TABLE IF EXISTS `purchase`;
/*!40101 SET @saved_cs_client     = @@character_set_client */;
 SET character_set_client = utf8mb4 ;
CREATE TABLE `purchase` (
  `vin` varchar(17) COLLATE utf8mb4_unicode_ci NOT NULL,
  `customer_id` int(32) unsigned NOT NULL,
  `login_username` varchar(50) COLLATE utf8mb4_unicode_ci NOT NULL,
  `purchase_date` timestamp NULL DEFAULT CURRENT_TIMESTAMP,
  PRIMARY KEY (`vin`),
  KEY `fk_purchase_customer_id_customer_customer_id` (`customer_id`),
  KEY `fk_purchase_login_username_user_login_username` (`login_username`),
  CONSTRAINT `fk_purchase_customer_id_customer_customer_id` FOREIGN KEY (`customer_id`) REFERENCES `customer` (`customer_id`),
  CONSTRAINT `fk_purchase_login_username_user_login_username` FOREIGN KEY (`login_username`) REFERENCES `user` (`login_username`),
  CONSTRAINT `fk_purchase_vin_vehicle_vin` FOREIGN KEY (`vin`) REFERENCES `vehicle` (`vin`)
) ENGINE=InnoDB DEFAULT CHARSET=utf8mb4 COLLATE=utf8mb4_unicode_ci;
/*!40101 SET character_set_client = @saved_cs_client */;

--
-- Dumping data for table `purchase`
--

LOCK TABLES `purchase` WRITE;
/*!40000 ALTER TABLE `purchase` DISABLE KEYS */;
INSERT INTO `purchase` VALUES ('036JZFZ8I3K433701',94,'user03','2019-06-25 05:00:00'),('05AJ273ZM02946325',28,'user06','2019-03-12 05:00:00'),('05WXEVLB5X8956206',89,'user12','2019-04-10 05:00:00'),('0HJ3WSLKGZT340626',81,'user03','2019-03-26 05:00:00'),('0KQT4QWDSFO183874',69,'user14','2019-06-26 05:00:00'),('0OZ6776OUA0065975',128,'user22','2019-06-18 05:00:00'),('0XHRC15HS5V123753',105,'user14','2019-04-19 05:00:00'),('0XJA8OD4GS2220202',146,'user04','2019-06-10 05:00:00'),('0Y8HTOZ7K6L112375',113,'user02','2019-05-07 05:00:00'),('1D377TZAWSW801985',31,'user04','2019-01-25 06:00:00'),('1D75678DO43448008',102,'user02','2019-05-14 05:00:00'),('1EW5SWZMNBU661507',49,'user22','2019-02-11 06:00:00'),('1J1RMS1AO48718511',132,'user24','2019-05-23 05:00:00'),('1MF8O5K3V5X143850',140,'user14','2019-06-03 05:00:00'),('1NVXI5JXG3Q330243',110,'user24','2019-06-11 05:00:00'),('1RQR2NON75E373495',59,'user18','2019-02-27 06:00:00'),('1U4MXLVV84A726331',90,'user18','2019-04-10 05:00:00'),('1WU1KQALZ75403546',70,'user04','2019-03-06 06:00:00'),('22420XMJ47N471618',47,'user14','2019-02-09 06:00:00'),('23XI32P0M0K897737',43,'user12','2019-02-05 06:00:00'),('27J2LRAE38R945176',75,'user14','2019-04-04 05:00:00'),('2CEDOZQS3WI014174',4,'user02','2019-01-03 06:00:00'),('2KANK83IC2A444270',45,'user22','2019-02-07 06:00:00'),('2TN1NJUXESG344969',23,'user04','2019-02-06 06:00:00'),('30IT6VOHPTN692600',114,'user05','2019-05-19 05:00:00'),('30KBYEYBKH5669910',98,'user24','2019-05-17 05:00:00'),('31ZQB40Z55B784788',63,'user04','2019-03-11 05:00:00'),('35TB5QWCJW0515619',106,'user04','2019-04-19 05:00:00'),('38ZSAKVC20U930606',2,'user24','2019-01-02 06:00:00'),('3HWBBE541KJ068668',101,'user02','2019-04-17 05:00:00'),('3KYD25BMOB3101135',57,'user22','2019-06-09 05:00:00'),('3S8JO5UMV1Y166789',53,'user03','2019-06-22 05:00:00'),('3U3N6HS8K3V143011',71,'user24','2019-03-06 06:00:00'),('3VWJ7G74MRP551283',59,'user05','2019-05-18 05:00:00'),('41AHCTXZIUN699904',64,'user07','2019-03-02 06:00:00'),('426W8PU85BH593514',13,'user24','2019-02-13 06:00:00'),('4G40BAXEV4V936460',94,'user24','2019-04-12 05:00:00'),('58SXUC0BZIA446980',22,'user02','2019-01-14 06:00:00'),('5I71MA5PSO0445780',61,'user04','2019-03-05 06:00:00'),('5U2302GFYRL619555',86,'user04','2019-04-04 05:00:00'),('66BVP1UV1VM384215',81,'user07','2019-04-25 05:00:00'),('6D300ABH65P725391',45,'user10','2019-02-22 06:00:00'),('6GHR6AAGP36983674',79,'user14','2019-03-20 05:00:00'),('6HKQMAEQ5PA690783',3,'user22','2019-01-19 06:00:00'),('6KSCMBLK5DZ055754',116,'user04','2019-05-08 05:00:00'),('6PSJQWZYS2J443879',6,'user24','2019-06-20 05:00:00'),('73MVKB63GMJ964569',35,'user12','2019-05-27 05:00:00'),('7A13XEM0IMF171736',88,'user10','2019-06-28 05:00:00'),('7F3L3GAY4BB268957',131,'user24','2019-06-09 05:00:00'),('7FT34LPXEKD855738',32,'user04','2019-02-11 06:00:00'),('7T0CI3XEYJA004139',149,'user10','2019-06-13 05:00:00'),('7W7UDF3KP41966929',75,'user05','2019-03-14 05:00:00'),('7Y1EAHONCCS732936',20,'user14','2019-01-13 06:00:00'),('7YCPTKZS5B3163969',113,'user05','2019-04-29 05:00:00'),('8BPZY476GS8852305',46,'user02','2019-04-03 05:00:00'),('8C76DYYDYJU989849',91,'user22','2019-04-11 05:00:00'),('8CPKHCHU2W7031895',75,'user24','2019-05-20 05:00:00'),('8FX05ZAH64B316440',80,'user07','2019-03-23 05:00:00'),('8HJHTFE0FGU264640',14,'user24','2019-01-08 06:00:00'),('A1NW00GFYRY803793',96,'user04','2019-04-13 05:00:00'),('A2YAQD6KDWM503404',124,'user24','2019-05-13 05:00:00'),('ABCX0O07N6F519334',38,'user07','2019-02-01 06:00:00'),('AFTWPBMU2TA534019',58,'user06','2019-02-26 06:00:00'),('AI51SMWRVBH997689',21,'user10','2019-01-13 06:00:00'),('AKHFEO0D1D4893889',24,'user03','2019-01-17 06:00:00'),('AN86IKI83LD618280',109,'user12','2019-06-25 05:00:00'),('ASBUY3C1GYP443816',130,'user10','2019-05-21 05:00:00'),('ATWA3W65LU2848535',95,'user05','2019-04-12 05:00:00'),('AZCPHC4R1RY522608',84,'user05','2019-03-29 05:00:00'),('B2JQXKMCCJ3730138',8,'user03','2019-04-06 05:00:00'),('B3V53WEVPX7253102',36,'user24','2019-04-05 05:00:00'),('BHVL8OFSZ0G423785',22,'user05','2019-05-02 05:00:00'),('BMMT70O7FLR864961',7,'user04','2019-01-05 06:00:00'),('BNWE37HKK6A465562',4,'user02','2019-01-18 06:00:00'),('BX1OSN5TZYU191007',104,'user10','2019-04-18 05:00:00'),('C0VHQRA5CIO857811',98,'user07','2019-05-28 05:00:00'),('C1OCSTQ1VP0823459',19,'user06','2019-01-12 06:00:00'),('C4QIGI5R0PE739600',92,'user05','2019-05-31 05:00:00'),('CHA3G8GE21K992177',30,'user05','2019-01-24 06:00:00'),('CNXWEAHRICK569430',49,'user02','2019-03-01 06:00:00'),('CQCKR5VZRWO844951',75,'user02','2019-03-16 05:00:00'),('E5WGL31NMNQ304399',113,'user22','2019-06-15 05:00:00'),('E64AFHYM7CM667399',50,'user22','2019-02-12 06:00:00'),('E8MFMML51CM701156',112,'user14','2019-04-28 05:00:00'),('EAJW0OF78HV386515',23,'user18','2019-01-14 06:00:00'),('EBZZN84J0L1163524',67,'user24','2019-03-03 06:00:00'),('EFUWNBMO3TM316916',51,'user18','2019-02-14 06:00:00'),('EMARJQJLUEI221810',32,'user12','2019-01-25 06:00:00'),('ENHQ8WS125F354364',102,'user22','2019-04-17 05:00:00'),('EVDJMOIDNRC331823',92,'user18','2019-04-11 05:00:00'),('F5BABPZQD3I737349',8,'user24','2019-05-05 05:00:00'),('F6TVSMY2L2Z886673',120,'user18','2019-06-22 05:00:00'),('FRCY3VYNL42885570',6,'user12','2019-01-04 06:00:00'),('FWOYW8SJUH7074597',76,'user03','2019-05-16 05:00:00'),('FZ1HFZ585WR955503',137,'user10','2019-05-29 05:00:00'),('G33VJW8N2FY389186',91,'user14','2019-05-18 05:00:00'),('GB5EB3AIUD0242483',8,'user02','2019-01-05 06:00:00'),('GBA0V3Z00JI851102',73,'user06','2019-03-10 06:00:00'),('GC225MTL5DF831250',68,'user24','2019-03-03 06:00:00'),('GKTLIDKGMZ6109105',5,'user03','2019-03-02 06:00:00'),('H0SVSC0X1W0660350',39,'user04','2019-02-01 06:00:00'),('H130KLLOZLY973998',36,'user14','2019-05-23 05:00:00'),('H7PM7E5LCY5894305',9,'burdell','2019-01-05 06:00:00'),('I6M6GMQGG7C407268',73,'user02','2019-04-05 05:00:00'),('I7CVVBU08H1044370',27,'user05','2019-01-21 06:00:00'),('IB3FDW7VPTE357125',18,'user06','2019-01-10 06:00:00'),('IHCVQSL87UO415387',85,'user18','2019-06-19 05:00:00'),('IKUQE1AIER1879688',62,'user10','2019-03-26 05:00:00'),('IOCT8QVK86C997015',40,'user22','2019-02-02 06:00:00'),('JAH4TXSVFRZ937654',110,'user14','2019-05-27 05:00:00'),('JB6TJOH3G13545501',141,'user14','2019-06-08 05:00:00'),('JGARQY7YBFD847126',29,'burdell','2019-04-30 05:00:00'),('JVT2Q6U7HLH559100',126,'user06','2019-05-18 05:00:00'),('JVUFO2OOZH6501609',2,'user18','2019-02-18 06:00:00'),('K23GQ1HYKID336715',56,'user14','2019-02-17 06:00:00'),('K5ZQ65X47KU986899',38,'user12','2019-04-26 05:00:00'),('K6NPKFWC2DG818634',39,'user12','2019-06-02 05:00:00'),('KG6S1KYGKY7383089',163,'user10','2019-06-26 05:00:00'),('KIYTRMRZHSZ939929',34,'user07','2019-01-26 06:00:00'),('KRDZJUDE7EC973298',8,'user22','2019-02-13 06:00:00'),('KSC5NS2WX0Q021711',88,'user14','2019-04-07 05:00:00'),('L075CLEGAGV332326',14,'user22','2019-05-12 05:00:00'),('L2G40AKW0DV261314',16,'user14','2019-01-09 06:00:00'),('L8CKHAJ376Q732997',11,'user18','2019-04-26 05:00:00'),('LAW66TO51NY340329',52,'user24','2019-02-14 06:00:00'),('LEWHC17RSR2225266',121,'user05','2019-05-08 05:00:00'),('LMC0DXV2F72475134',65,'user14','2019-03-02 06:00:00'),('LN7ZMWGACVJ434473',49,'user10','2019-05-05 05:00:00'),('LXLYHOV4G1Z722469',107,'user12','2019-04-24 05:00:00'),('M58W6OQD1J3561088',130,'user07','2019-06-01 05:00:00'),('M6J2KWLLUKW587077',122,'user18','2019-05-10 05:00:00'),('MBKMABQOONK563483',118,'user12','2019-05-04 05:00:00'),('MT0OEZQ7C5Q035531',87,'user02','2019-05-04 05:00:00'),('MW6HGX7M6O4186962',28,'user10','2019-01-21 06:00:00'),('MW7W375RHHU707116',135,'user07','2019-05-27 05:00:00'),('MXF3EGT2PAG490479',35,'user18','2019-01-26 06:00:00'),('MYX14D30CZI581341',52,'burdell','2019-05-31 05:00:00'),('N5VAEVB47M5598208',5,'user03','2019-01-03 06:00:00'),('NNLD761PGMY686484',78,'user22','2019-03-15 05:00:00'),('NQC3ODNRG8W618383',91,'user05','2019-04-19 05:00:00'),('NVDV1HTYNUU168147',28,'user07','2019-04-02 05:00:00'),('OOXPL1JMKRX336822',61,'user02','2019-02-28 06:00:00'),('OUIFCWSPPHR650293',138,'user12','2019-05-31 05:00:00'),('OUXQFNQE2K7274854',115,'user05','2019-05-05 05:00:00'),('P7UUVOVKPTD080947',143,'user18','2019-06-09 05:00:00'),('PC02G0A675B935953',139,'user10','2019-06-01 05:00:00'),('PEXVHDHEYM7282767',87,'user18','2019-04-30 05:00:00'),('PHTKITC5C1H921363',31,'user07','2019-06-25 05:00:00'),('PUVTYE6IVGN271318',81,'user05','2019-05-03 05:00:00'),('QHUYKEFC12W678012',1,'user06','2019-05-16 05:00:00'),('QNGJBXZ0ZPN690169',11,'user22','2019-01-09 06:00:00'),('R56SEOUUT0R265399',55,'user18','2019-06-28 05:00:00'),('RUAW8E8S2SA826885',95,'user07','2019-05-17 05:00:00'),('RZ64Q4VF3EC682670',10,'user06','2019-01-06 06:00:00'),('S7OOZE7TI6U419267',97,'user18','2019-05-19 05:00:00'),('SEXWGCZNLS4439650',68,'user07','2019-04-20 05:00:00'),('SGEAZM7OHRE981138',1,'user03','2019-01-01 06:00:00'),('SJV51DZQ416158315',29,'user06','2019-01-22 06:00:00'),('SROKG0OMKKQ394333',89,'user07','2019-05-30 05:00:00'),('SWME2EZ3HDD006687',123,'user10','2019-05-26 05:00:00'),('SX73Y7QKKQF628146',53,'user22','2019-02-14 06:00:00'),('SZAJTDBI6IL561669',140,'user04','2019-06-11 05:00:00'),('T1HO8QC0CE5867880',127,'user12','2019-05-18 05:00:00'),('TD5OFRN1LC8601752',1,'user24','2019-06-29 05:00:00'),('U0PQOVOJXT2453885',65,'user04','2019-04-25 05:00:00'),('U3HSV2KCE0Y319532',160,'user06','2019-06-24 05:00:00'),('UEHE08QS622862172',33,'burdell','2019-01-25 06:00:00'),('UVVEV0Y7R3V483738',123,'user18','2019-05-11 05:00:00'),('V4JVFR4YRS7140562',54,'user12','2019-02-14 06:00:00'),('VDJS4PZ5A22366162',89,'user07','2019-05-20 05:00:00'),('VP0U4FNOL1Q272112',48,'user18','2019-02-10 06:00:00'),('VROU7UEWYWK097688',3,'user24','2019-01-02 06:00:00'),('VSGK3RYW2TC911641',36,'user18','2019-01-26 06:00:00'),('WJENS213H4U188325',11,'user02','2019-01-06 06:00:00'),('WJUY8SU2JR0730363',74,'user22','2019-03-11 05:00:00'),('WMXOWCZE1MO140134',65,'user05','2019-03-18 05:00:00'),('WN6OY1F26X1741004',75,'user03','2019-04-08 05:00:00'),('WSHBRYQYDCI202435',136,'user14','2019-06-10 05:00:00'),('WSMCQT2QRUX986498',82,'user18','2019-03-26 05:00:00'),('X7PFFGNBSQI524327',62,'user03','2019-02-28 06:00:00'),('XG2F8AZ3DKK768039',42,'user22','2019-02-04 06:00:00'),('XK51E6IAGWW949280',13,'user04','2019-01-07 06:00:00'),('XLHSC830B4B709486',41,'user06','2019-02-03 06:00:00'),('XOBOW6AU18A917853',46,'user06','2019-02-07 06:00:00'),('XUV6JR4Q8SX652578',55,'user02','2019-02-16 06:00:00'),('YB3M3MZEQ1J275307',150,'user18','2019-06-16 05:00:00'),('YR8K00OE58G720472',158,'user06','2019-06-21 05:00:00'),('YSPKFT8VKW8617087',15,'user22','2019-01-08 06:00:00'),('Z0Z206HDHO0103381',75,'user12','2019-04-29 05:00:00'),('Z4RBIUHHJZS859016',13,'user10','2019-02-26 06:00:00'),('Z4SH0SHZI01062444',151,'user24','2019-06-18 05:00:00'),('Z8UDI7LAGS7164830',37,'user22','2019-04-06 05:00:00'),('ZDIFPMGLJRT329921',114,'user12','2019-05-02 05:00:00'),('ZDR30CO5D6G733856',31,'user14','2019-04-16 05:00:00'),('ZIL5XS7BK6F565259',12,'user05','2019-04-20 05:00:00'),('ZIYO5EKWDKS246902',12,'user18','2019-01-06 06:00:00'),('ZJFVODF6M3T898510',164,'user12','2019-06-29 05:00:00'),('ZS1M7DGNG0B708125',85,'user03','2019-05-06 05:00:00'),('ZS1SXM3GTO8957023',37,'user18','2019-01-30 06:00:00'),('ZXZP2ADJFMJ124788',94,'user18','2019-04-26 05:00:00');
/*!40000 ALTER TABLE `purchase` ENABLE KEYS */;
UNLOCK TABLES;

--
-- Table structure for table `recall`
--

DROP TABLE IF EXISTS `recall`;
/*!40101 SET @saved_cs_client     = @@character_set_client */;
 SET character_set_client = utf8mb4 ;
CREATE TABLE `recall` (
  `nhtsa_recall_number` varchar(50) COLLATE utf8mb4_unicode_ci NOT NULL,
  `manufacturer_name` varchar(50) COLLATE utf8mb4_unicode_ci NOT NULL,
  `recall_description` varchar(200) COLLATE utf8mb4_unicode_ci NOT NULL,
  PRIMARY KEY (`nhtsa_recall_number`)
) ENGINE=InnoDB DEFAULT CHARSET=utf8mb4 COLLATE=utf8mb4_unicode_ci;
/*!40101 SET character_set_client = @saved_cs_client */;

--
-- Dumping data for table `recall`
--

LOCK TABLES `recall` WRITE;
/*!40000 ALTER TABLE `recall` DISABLE KEYS */;
INSERT INTO `recall` VALUES ('00V099000','Ferrari','VEHICLE DESCRIPTION:  PASSENGER VEHICLES.  THE ABS (ANTI-LOCK BRAKING SYSTEM)/ASR (TRACTION CONT'),('00V157002','Lincoln',' VEHICLE DESCRIPTION:  PASSENGER VEHICLES USING AFTERMARKET FRONT PASSENGER SIDE SEAT BELT ASSEM'),('00V198000','Dodge','VEHICLE DESCRIPTION:  PICKUP TRUCKS.   SOME VEHICLES MAY HAVE BEEN BUILT WITH INADEQUATE CLEARAN'),('00V371000','Chevrolet','VEHICLE DESCRIPTION:  PASSENGER VEHICLES.  SOME OF THESE VEHICLES EXHIBIT A CONDITION IN WHICH T'),('01V362000','Hyundai','VEHICLE DESCRIPTION:  PASSENGER VEHICLES.  IMPROPERLY MANUFACTURED POWERTRAIN CONTROL MODULES (P'),('02V111000','Hyundai',' ON CERTAIN SPORT UTILITY VEHICLES EQUIPPED WITH 2.7 LITER V-6 ENGINES    IMPROPERLY MANUFACTURE'),('02V238000','Volvo',' CERTAIN HEAVY DUTY CLASS 8 TRUCKS FAIL TO COMPLY WITH THE REQUIREMENTS OF FEDERAL MOTOR VEHICLE'),('02V253000','Chevrolet',' ON CERTAIN SPORT UTILITY VEHICLES EQUIPPED WITH REARWARD FOLDING HEAD RESTRAINTS ON THE SECOND '),('03E045000','Dodge',' AFTERMARKET REPLACEMENT FUEL FILTERS MANUFACTURED BETWEEN SEPTEMBER 17  2002  AND JANUARY 20  2'),('03V476000','Nissan',' ON CERTAIN SPORT UTILITY VEHICLES  THE FRONT BRAKE CALIPER MOUNTING BOLTS MAY NOT BE ADEQUATELY'),('03V509000','Jaguar',' ON CERTAIN VEHICLES  THE HEADLAMP ADJUSTMENT MECHANISM MAY BE OPERATED WITHOUT SUITABLE INSTRUC'),('03V529000','Maserati',' ON CERTAIN PASSENGER VEHICLES  THE FUEL LINES CAN DISCONNECT AND CAUSE LEAKAGE IN THE ENGINE CO'),('04V046000','GMC',' CERTAIN SPORT UTILITY VEHICLES HAVE WINDSHIELD WIPER SYSTEMS THAT WILL NOT TURN ON  CEASE OPERA'),('04V133000','Audi',' ON CERTAIN PASSENGER VEHICLES  IF A DRIVER\'S KNEES PUSH AGAINST THE KNEE BOLSTER (CRASH ELEMENT'),('05V103000','Chevrolet',' ON CERTAIN SPORT UTILITY VEHICLES  THE BRAKE PEDAL PUSHROD RETAINER MAY BE MISSING.  IF THE RET'),('05V222000','Alfa',' ON CERTAIN CLASS A MOTOR HOMES EQUIPPED WITH VEHICLE SYSTEMS\' AQUA-HOT AND HYDRO-HOT WATER HEAT'),('05V248000','Alfa',' ON CERTAIN FIFTH WHEEL TRAILERS  THE EMERGENCY/BREAKAWAY BRAKE SYSTEM WIRING WAS CHANGED. '),('05V303000','Mitsubishi',' ON CERTAIN MEDIUM DUTY TRUCKS  THE REAR ENGINE SUPPORT BRACKET IS COMPOSED OF MATERIALS OF INSU'),('05V338000','INFINITI',' CERTAIN VEHICLES FAIL TO CONFORM TO THE REQUIREMENTS OF FEDERAL MOTOR VEHICLE SAFETY STANDARD N'),('05V353000','Kia','CERTAIN SPORT UTILITY VEHICLES MAY EXPERIENCE A FUEL LEAK FROM FUEL TUBES NEAR THE FUEL TANK DUE'),('05V555000','Nissan',' ON CERTAIN PASSENGER AND SPORT UTILITY VEHICLES  THE FUEL FILLER HOSE MAY CRACK AND RESULT IN F'),('05V574000','Maserati',' ON CERTAIN PASSENGER VEHICLES  THE POWER ASSIST DELIVERED BY THE STEERING RACK MAY NOT BE FULLY'),('06E043000','Chevrolet',' CERTAIN REPLACEMENT FUEL FILTERS  FRAM BRAND NAME P/N G3727  WITH DATE CODES X52911 THROUGH X60'),('06E064000','Mitsubishi',' CERTAIN TRADESONIC COMBINATION LAMPS SOLD AS REPLACEMENT LAMPS FOR USE ON THE ABOVE LISTED PASS'),('06V205000','Freightliner',' CERTAIN HEAVY TRUCKS  SHUTTLE BUSES  AND  SCHOOL BUSES EQUIPPED WITH BENDIX MODULATED SPRING BR'),('06V316000','Alfa',' ON CERTAIN MOTOR HOMES  THE TOP FLANGE OF THE FRONT AXLE I-BEAM MAY FATIGUE AND FRACTURE.  '),('06V328000','INFINITI',' DURING A CANADIAN COMPLIANCE TEST  CERTAIN SPORT UTILITY VEHICLES FAIL TO COMPLY WITH THE REQUI'),('06V445000','Hyundai',' ON CERTAIN SPORT UTILITY VEHICLES  DURING STATIC AIR BAG DEPLOYMENT TESTING CONDUCTED BY NHTSA '),('07E021000','Buick',' CERTAIN DELPHI FUEL PRESSURE REGULATORS  P/NOS. FP10020-11B1  FP10026-11B1  AND FP10027-11B1  S'),('07E023000','Toyota',' CERTAIN CARDONE MASTER CYLINDERS WITH PART NUMBERS 10-2925  10-2987  10-2987MZA  10-3083  11-30'),('07V220000','Alfa',' CERTAIN FIFTH WHEEL TRAILERS EQUIPPED WITH A TWO-DOOR REFRIGERATOR  MANUFACTURED BY THE DOMETIC'),('07V533000','MINI',' CERTAIN CONVERTIBLE VEHICLES FAIL TO CONFORM TO THE REQUIREMENTS OF FEDERAL MOTOR VEHICLE SAFET'),('08E050000','Honda',' K2 MOTOR IS RECALLING 1 921 AFTERMARKET HEADLAMPS OF VARIOUS MODELS SOLD FOR USE ON THE ABOVE L'),('08V016000','Alfa',' CERTAIN MOTOR HOME CHASSIS BUILT ON FREIGHTLINER CHASSIS AND EQUIPPED WITH ZF MODEL 8018 STEERI'),('08V108000','Cadillac',' GM IS RECALLING 4 586 MY 2008 CADILLAC STS AND STS-V PASSENGER VEHICLES FOR FAILING TO CONFORM '),('08V137000','Freightliner',' DAIMLER TRUCKS IS RECALLING 28 764 MY 2001 THROUGH 2008 FCCC B2 AND FS65 SCHOOL BUS CHASSIS  FC'),('08V156000','Volkswagen',' VOLKSWAGEN IS RECALLING 412 000 MY 1999-2005 PASSAT (5TH GENERATION) VEHICLES EQUIPPED WITH AUT'),('08V214000','Ferrari','FERRARI IS RECALLING 366 MY 2005-2007 612 SCAGLIETTI VEHICLES EQUIPPED WITH F1 TRANSMISSIONS.  A'),('08V217000','Bentley',' BENTLEY IS RECALLING 13 420 MY 2004-2008 CONTINENTAL GT  CONTINENTAL GT SPEED  CONTINENTAL FLYI'),('08V344000','GMC','KNAPHEIDE IS RECALLING 108 MY 2006-2008 PRO SERIES TRUCK BEDS EQUIPPED WITH AN ICC BUMPER WHICH '),('08V390000','smart',' SMART USA IS RECALLING 43 MY 2008 FORTWO 451 VEHICLES.    A SINGLE BATCH OF PAINT SENT TO THE C'),('09E012000','Toyota',' SABERSPORT IS RECALLING 16 270 COMBINATION CORNER AND BUMPER LAMP ASSEMBLIES OF VARIOUS PART NU'),('09E025000','Honda',' DOPE  INC. IS RECALLING 42 540 COMBINATION CORNER AND BUMPER LAMP ASSEMBLIES OF VARIOUS PART NU'),('09V024000','Freightliner',' DAIMLER TRUCKS IS RECALLING 14181 MY 2007-2009 FREIGHTLINER CASCADIA TRUCKS EQUIPPED WITH CAB S'),('09V091000','Chevrolet',' LDV IS RECALLING 81 TRUCKS BUILT ON CHEVROLET AND FORD MY 2007-2009 C5500  MY 2008-2009 W5500  '),('09V277000','Subaru',' SUBARU IS RECALLING 15 761 MY 2005-2006 BAJA VEHICLES. CRACKS MAY DEVELOP IN THE FUEL HOSE CONN'),('09V357000','Freightliner',' DAIMLER TRUCKS IS RECALLING CERTAIN MODEL YEAR 2005 THROUGH 2010 HEAVY DUTY TRUCKS MANUFACTURED'),('09V428000','Freightliner',' DAIMLER TRUCKS IS RECALLING MODEL YEAR 2009-2010 FREIGHTLINER  AND STERLING VEHICLES EQUIPPED D'),('10V035000','Toyota',' GULF STATES TOYOTA IS RECALLING CERTAIN MODEL YEAR 2005-2010 VEHICLES FOR FAILING TO COMPLY WIT'),('10V309000','Toyota',' TOYOTA IS RECALLING CERTAIN MODEL YEAR 2006 THROUGH 2008 LEXUS PASSENGER CARS MANUFACTURED FROM'),('10V426000','Hyundai',' HYUNDAI IS RECALLING CERTAIN MODEL YEAR 2011 SONATA VEHICLES MANUFACTURED FROM DECEMBER 11  200'),('10V449000','Aston',' ASTON MARTIN IS RECALLING CERTAIN MODEL YEAR 2007-2008 DB9 COUPE  DB9 VOLANTE  V8 VANTAGE COUPE'),('10V553000','Buick',' GENERAL MOTORS IS RECALLING CERTAIN MODEL YEAR 2010-2011 DTS AND BUICK LUCERNE VEHICLES EQUIPPE'),('11E022000','Acura',' AFFINIA IS RECALLING CERTAIN AFTERMARKET FRONT SUSPENSION LOWER BALL JOINTS  NAPA PART NO. 2601'),('11V106000','Honda','HONDA IS RECALLING CERTAIN MODEL YEAR 2006-2007 HONDA CIVIC HYBRID VEHICLES.  THERE IS A POTENTI'),('11V221000','Chevrolet','GENERAL MOTORS IS RECALLING CERTAIN MODEL YEAR 2011 CHEVROLET CRUZE VEHICLES.  DURING MANUFACTUR'),('11V330000','Freightliner',' DTNA IS RECALLING CERTAIN MODEL YEAR 2008-2012 FREIGHTLINER; CASCADIA  CENTURY CLASS  COLUMBIA '),('11V395000','Honda',' HONDA IS RECALLING CERTAIN MODEL YEAR 2005-2010 ACCORD  2007-2010 CR-V  AND 2005-2008 ELEMENT P'),('11V464000','Subaru',' SUBARU IS RECALLING CERTAIN MODEL YEAR 2002-2007 IMPREZA  MODEL YEAR 2003-2008 FORESTER  AND MO'),('11V510000','Lotus',' LOTUS IS RECALLING CERTAIN MODEL YEAR 2005-2007 ELISE AND EXIGE VEHICLES MANUFACTURED FROM JUNE'),('11V536000','Cadillac',' GM IS RECALLING CERTAIN MODEL YEAR 2012 CADILLAC CTS VEHICLES MANUFACTURED FROM OCTOBER 21  201'),('11V592000','INFINITI',' NISSAN IS RECALLING CERTAIN MODEL YEAR 2011 INFINITI FX  MODEL YEAR 2012 INFINITI M  MODEL YEAR'),('12V305000','Toyota',' Toyota is recalling certain model year 2010 Lexus RX350 and RX450h vehicles  manufactured from '),('12V477000','Lotus',' Lotus is recalling certain model year 2011 Evora supercharged vehicles manufactured from Februa'),('12V524000','Mitsubishi',' Mitsubishi Fuso Truck of America (MFTA) is recalling certain model year 2012-2013 FEC52  FEC72 '),('13V094000','Nissan',' Nissan is recalling certain model year 2013 Titan trucks manufactured from January 22  2013  th'),('13V113000','Hyundai',' Hyundai Motor Company (Hyundai) is recalling certain model year 2006-2009 Accent  model year 20'),('13V114000','Kia',' Kia Motors Corporation (Kia) is recalling certain model year 2007-2010 Rondo  model year 2007-2'),('13V147000','GMC',' Explorer Van Company  Inc. is recalling certain model year 2013 Explorer and Explorer Limited S'),('13V175000','Jeep',' Chrysler Group LLC (Chrysler) is recalling certain model year 2005-2010 Jeep Grand Cherokee veh'),('13V228000','Aston',' Aston Martin is recalling certain model year DB9  Virage  V8 Vantage  V12 Vantage  and Rapide v'),('13V248000','GMC',' General Motors (GM) is recalling certain model year 2005-2007 SAAB 9-7x; 2006 Chevrolet Trailbl'),('13V259000','GMC',' Isuzu Manufacturing Services of America  Inc. (Isuzu) is recalling certain model year 2001-2013'),('13V289000','Jeep',' Chrysler is recalling certain model year 2014  non-SRT trimmed  Grand Cherokee vehicles manufac'),('13V314000','Lotus',' Lotus Cars USA  Inc. is recalling certain model year 2011 Evora supercharged vehicles equipped '),('13V450000','Audi',' Volkswagen Group of America  Inc. (Volkswagen) is recalling certain model year 2013-2014 Audi S'),('13V489000','Hyundai',' Hyundai is recalling certain model year 2009-2012 Genesis vehicles manufactured April 30  2008 '),('14E007000','Volkswagen',' The Gates Corporation (Gates) is recalling certain aftermarket Tru-Flow Water Pumps  part numbe'),('14E012000','Honda',' Ohlins Racing AB (Ohlins) is recalling certain steering dampers kits manufactured with an incor'),('14V010000','Martin',' Aston Martin Lagonda of North America (Aston Martin) is recalling certain model year 2008-2014 '),('14V261000','Chevrolet',' General Motors is recalling certain model year 2004-2008 Chevrolet Aveo vehicles equipped with '),('14V404000','Buick',' General Motors LLC (GM) is recalling certain model year 2005-2007 SAAB 9-7x; 2006 Chevrolet Tra'),('14V422000','MINI',' BMW of North America  LLC (BMW) is recalling a certain model year BMW i3 vehicle manufactured M'),('14V435000','Hyundai',' Hyundai Motor Company (Hyundai) is recalling certain model Year 2001-2006 Santa Fe vehicles man'),('14V624000','Cadillac',' General Motors LLC (GM) is recalling certain model year 2015 Cadillac Escalade and Escalade ESV'),('14V743000','Toyota',' Southeast Toyota Distributors  LLC (SET) is recalling certain model year 2010-2011 Prius and Co'),('14V753000','Aston',' Aston Martin Lagonda of North America (Aston Martin) is recalling certain model year 2006-2014 '),('14V758000','Freightliner',' Daimler Trucks North America LLC (DTNA) is recalling certain model year 2015 Freightliner Busin'),('15V157000','GMC',' General Motors LLC (GM) is recalling certain model year 2015 Chevrolet Colorado vehicles manufa'),('15V439000','Honda',' Honda (American Honda Motor Co.) is recalling certain model year 2013-2015 ST1300PA  2014-2015 '),('15V483000','Volkswagen',' Volkswagen Group of America  Inc. (Volkswagen) is recalling certain model year 2010-2014 Volksw'),('15V504000','Mitsubishi',' Mitsubishi Fuso Truck of America  Inc. (MFTA) is recalling certain model year 2012-2016 FEC52 v'),('15V586000','Freightliner',' Daimler Trucks North America LLC (DTNA) is recalling certain model year 2014-2016 Freightliner '),('15V629000','Hyundai',' Hyundai Motor America (Hyundai) is recalling certain model year 2011 Elantra vehicles manufactu'),('15V846000','Martin',' Aston Martin Lagonda of North America (Aston Martin) is recalling certain model year 2010-2015 '),('15V871000','Hyundai',' Hyundai Motor America (Hyundai) is recalling certain model year 2011-2012 Elantra vehicles manu'),('16V029000','Nissan',' Nissan North America  Inc. (Nissan) is recalling certain model year 2013-2015 Nissan Altima veh'),('16V137000','Jaguar',' Jaguar Land Rover North America  LLC (Jaguar) is recalling certain model year 2013-2015 Jaguar '),('16V183000','Lincoln',' Ford Motor Company (Ford) is recalling certain model year 2015-2016 Lincoln MKC vehicles manufa'),('16V256000','Cadillac',' General Motors LLC (GM) is recalling certain model year 2016-2017 Chevrolet Silverado 1500 and '),('16V302000','FIAT',' Chrysler (FCA US LLC) is recalling certain model year 2012-2016 Fiat 500 vehicles manufactured '),('16V303000','FIAT',' Chrysler (FCA US LLC) is recalling certain model year 2013-2016 Fiat 500e vehicles manufactured'),('16V349000','INFINITI',' Nissan North America  Inc. (Nissan) is recalling certain model year 2003-2008 Infiniti FX35 and'),('16V354000','MAZDA',' Mazda North American Operations (Mazda) is recalling certain model year 2004-2011 RX-8  2004-20'),('16V358000','Subaru',' Subaru of America  Inc. (Subaru) is recalling certain model year 2003-2004 Legacy  Outback  200'),('16V576000','Subaru',' Subaru of America  Inc. (Subaru) is recalling certain model year 2017 Outback vehicles manufact'),('16V580000','Hyundai',' Hyundai Translead (HT) is recalling certain model year 2004-2016 Dry Van  Reefer Van  Chassis  '),('16V595000','Buick',' General Motors LLC (GM) is recalling certain model year 2016 Buick Verano vehicles manufactured'),('16V641000','Audi',' Volkswagen Group of America  Inc. (Volkswagen) is recalling certain model year 2017 Audi Q7 veh'),('16V651000','Buick',' General Motors LLC (GM) is recalling certain model year 2015-2017 Chevrolet Silverado 2500 HD  '),('16V812000','Hyundai',' Hyundai Translead is recalling certain model year 2012-2013 HT Hycube  HT Composite-XT  HT Orig'),('16V836000','Volvo',' Volvo Bus Corporation (Volvo Bus) is recalling certain model year 2008-2017 9700 buses manufact'),('16V842000','Hyundai',' Hyundai Motor America (Hyundai) is recalling certain model year 2016-2017 Tucson vehicles manuf'),('16V907000','Jeep',' Chrysler (FCA US LLC) is recalling certain model year 2016 Dodge Journey  Jeep Compass  and Jee'),('17V014000','Subaru',' Subaru of America  Inc. (Subaru) is recalling certain 2005-2006 Subaru Baja  2006-2011 Impreza '),('17V024000','Lincoln',' Ford Motor Company (Ford) is recalling certain 2012 Ford Fusion and Mustang and Lincoln Zephyr '),('17V260000','Tesla',' Tesla  Inc. (Tesla) is recalling certain 2016 Model S and Model X vehicles.  The electric parki'),('17V328000','BMW',' BMW of North America  LLC (BMW) is recalling certain 2005-2008 745i  745Li  750i  750Li  760i  '),('17V359000','Hyundai',' Hyundai Motor America (Hyundai) is recalling certain 2015-2016 Sonata and Genesis vehicles.  In'),('17V389000','Aston',' Aston Martin The Americas (Aston Martin) is recalling certain 2011-2012 V8 Vantage vehicles.  T'),('17V448000','smart',' Mercedes-Benz USA  LLC (MBUSA) is recalling certain 2016 smart fortwo vehicles.  In these vehic'),('17V457000','MAZDA',' Mazda North America Operations (Mazda) is recalling certain 2012 CX-7  CX-9 and Mazda6 vehicles'),('17V545000','Acura',' Honda (American Honda Motor Co.) is recalling certain 2008-2012 Accord  2010-2012 Accord Crosst'),('17V761000','Freightliner',' Daimler Trucks North America  LLC (DTNA) is recalling certain 2008-2018 Freightliner Cascadia  '),('17V769000','Hyundai',' Hyundai Motor Company (Hyundai) is recalling certain 2013-2014 Elantra sedan  coupe and GT vehi'),('18E016000','BMW',' BMW of North America  LLC (BMW) is recalling certain Accessory Windscreens  sold for installati'),('18V025000','Toyota',' On January 9  2018  Toyota Motor Engineering & Manufacturing (Toyota) notified NHTSA that they '),('18V031000','Tesla',' Tesla  Inc. (Tesla) is recalling all 2013 Model S vehicles equipped with certain air bag inflat'),('18V042000','Honda',' Honda (American Honda Motor Co.) is recalling certain 2010-2013 Acura TSX  ZDX  Honda Accord Cr'),('18V047000','Mitsubishi',' Mitsubishi Fuso Truck of America  Inc. (MFTA) is recalling certain 2004-2017 FE84D  FE85D  FEC5'),('18V082000','Audi',' Volkswagen Group of America  Inc. (Volkswagen) is recalling certain 2006-2013 Audi A3  2007-200'),('18V170000','Honda',' Honda (American Honda Motor Co.) is recalling certain 2014-2016 Honda Odyssey vehicles.  The se'),('18V188000','Ferrari',' Ferrari North America  Inc. (Ferrari) is recalling certain 2009-2011 Ferrari California  and 20'),('18V204000','Tesla',' Tesla  Inc. (Tesla) is recalling certain 2012-2016 Tesla Model S vehicles equipped with Bosch s'),('18V229000','Audi',' Volkswagen Group of America  Inc. (Volkswagen) is recalling certain 2013-2017 Audi A5 Cabriolet'),('18V231000','Jeep',' Chrysler (FCA US LLC) is recalling certain 2018 Jeep Wrangler vehicles.  The rear under body la'),('18V248000','MINI',' BMW of North America  LLC (BMW) is recalling certain 2011-2012 BMW 550i  550i xDrive  550i Gran'),('18V268000','Honda',' Honda (American Honda Motor Co.) is recalling certain 2003-2012 Honda Accord and Pilot  2010 Ac'),('18V332000','Dodge',' Chrysler (FCA US LLC) is recalling certain 2014-2018 Dodge Journey  Charger and Durango  RAM 25'),('18V427000','Audi',' Volkswagen Group of America  Inc. (Volkswagen) is recalling certain 2005-2008 Audi A4 Sedan  A4'),('18V432000','Toyota',' Toyota Motor Engineering & Manufacturing (Toyota) is recalling certain 2007-2011 Lexus GS350 an'),('18V525000','Freightliner',' Daimler Trucks North America  LLC (DTNA) is recalling certain 2018-2019 Freightliner 108SD  114'),('18V576000','Chevrolet',' General Motors LLC (GM) is recalling certain 2018-2019 Chevrolet Equinox  Impala  Cruze  Volt a'),('18V800000','Volvo',' Volvo Car USA LLC (Volvo) is recalling certain 2017-2019 Volvo XC90  S90  V60  V60 Cross Countr'),('18V828000','Romeo',' Chrysler (FCA US LLC) is recalling certain 2017-2018 Alfa Romeo Giulia vehicles equipped with G'),('18V844000','Porsche',' Porsche Cars North America  Inc. (Porsche) is recalling certain 2017 Porsche Cayenne Turbo S  C'),('18V907000','Kia',' Kia Motors America (Kia) is recalling certain 2011-2017 Optima  2012-2017 Sorento and 2011-2018'),('19V006000','Ferrari',' Ferrari North America (Ferrari) is recalling certain 2014 Ferrari California  2014-2015 Ferrari'),('19V008000','Subaru',' Subaru of America  Inc. (Subaru) is recalling certain 2010-2014 Tribeca  WRX  Outback  and Lega'),('19V035000','Audi',' Volkswagen Group of America  Inc. (Audi) is recalling certain 2016-2018 Q7  A6 and A7 vehicles '),('19V052000','Acura',' Acura (American Honda Motor Co.) is recalling certain 2014-2019 Acura ILX vehicles.  The vehicl'),('19V090000','Ferrari',' Ferrari North America  Inc. (Ferrari) is recalling certain 2017 LaFerrari Aperta  2018-2019 488'),('19V115000','Porsche',' Porsche Cars North America  Inc. (Porsche) is recalling certain 2018 Panamera 4 Executive  Pana'),('19V146000','Freightliner',' A-1 Auto Electric (A-1) is recalling certain 2015 Freightliner Refuse vehicles modified to be p'),('19V148000','Alfa','FCA US LLC (Alfa Romeo) is recalling certain 2018-2019 Alfa Romeo Stelvio and 2017-2019 Giulia v'),('19V149000','Subaru',' Subaru of America  Inc. (Subaru) is recalling certain 2014-2016 Forester  2008-2016 Impreza sed'),('19V188000','Volkswagen',' Volkswagen Group of America  Inc. (Volkswagen) is recalling certain 2017-2019 Golf Sportwagen  '),('19V256000','Acura',' Honda (American Honda Motor Co.) is recalling certain 2014-2019 Acura MDX and 2017-2019 Acura M'),('19V293000','Dodge','Chrysler (FCA US LLC) is recalling certain 2013-2016 Dodge Dart vehicles equipped with 6-speed a'),('19V461000','Maserati',' Maserati North America  Inc. (Maserati) is recalling certain 2015-2018 Granturismo and 2016-201'),('98V322000','Lincoln',' VEHICLE DESCRIPTION:  CERTAIN 1996-1999 FORD CROWN VICTORIA POLICE  FLEET  NATURAL GAS  AND 199');
/*!40000 ALTER TABLE `recall` ENABLE KEYS */;
UNLOCK TABLES;

--
-- Table structure for table `repair`
--

DROP TABLE IF EXISTS `repair`;
/*!40101 SET @saved_cs_client     = @@character_set_client */;
 SET character_set_client = utf8mb4 ;
CREATE TABLE `repair` (
  `vin` varchar(17) COLLATE utf8mb4_unicode_ci NOT NULL,
  `repair_start_date` date NOT NULL,
  `repair_end_date` date NOT NULL,
  `vendor_name` varchar(50) COLLATE utf8mb4_unicode_ci NOT NULL,
  `nhtsa_recall_number` varchar(50) COLLATE utf8mb4_unicode_ci DEFAULT NULL,
  `total_cost` float NOT NULL,
  `repair_description` varchar(200) COLLATE utf8mb4_unicode_ci NOT NULL,
  `repair_status` varchar(15) COLLATE utf8mb4_unicode_ci NOT NULL,
  PRIMARY KEY (`vin`,`repair_start_date`),
  KEY `fk_repair_vin_vendor_vendor_name` (`vendor_name`),
  KEY `fk_repair_nhtsa_recall_number_recall_nhtsa_recall_number` (`nhtsa_recall_number`),
  CONSTRAINT `fk_repair_nhtsa_recall_number_recall_nhtsa_recall_number` FOREIGN KEY (`nhtsa_recall_number`) REFERENCES `recall` (`nhtsa_recall_number`),
  CONSTRAINT `fk_repair_vin_vehicle_vin` FOREIGN KEY (`vin`) REFERENCES `vehicle` (`vin`),
  CONSTRAINT `fk_repair_vin_vendor_vendor_name` FOREIGN KEY (`vendor_name`) REFERENCES `vendor` (`vendor_name`)
) ENGINE=InnoDB DEFAULT CHARSET=utf8mb4 COLLATE=utf8mb4_unicode_ci;
/*!40101 SET character_set_client = @saved_cs_client */;

--
-- Dumping data for table `repair`
--

LOCK TABLES `repair` WRITE;
/*!40000 ALTER TABLE `repair` DISABLE KEYS */;
INSERT INTO `repair` VALUES ('05AJ273ZM02946325','2019-03-26','2019-04-22','Rundofase',NULL,988.45,'change memory settings of the onboard computer; replace diverter valve; ','completed'),('05AJ273ZM02946325','2019-05-12','2019-06-03','Zoomit',NULL,798.36,'repair direct injection system; configure audio remote control; ','pending'),('05AJ273ZM02946325','2019-06-07','2019-06-11','Cancity',NULL,38.02,'install on-board diagnosis system; install curtain airbags; ','pending'),('05AJ273ZM02946325','2019-06-21','2019-07-06','Fasehatice',NULL,114.05,'install anti-theft alarm; adjust climate control; ','in progress'),('05AJ273ZM02946325','2019-09-03','2019-09-13','Rundofase',NULL,266.12,'fix a-pillar; check drive axle boots; ','pending'),('05WXEVLB5X8956206','2019-04-15','2019-04-18','Toughzap','11V536000',142.54,'fix solar sunroof; repair shiftable automatic transmission; ','in progress'),('0HJ3WSLKGZT340626','2019-03-26','2019-03-28','Fasehatice',NULL,46.86,'install parking sensors; fix nvh dampening system; ','in progress'),('0HJ3WSLKGZT340626','2019-03-30','2019-03-31','Zumgoity','10V553000',23.43,'install anti-theft alarm; install parking sensors; ','pending'),('0HJ3WSLKGZT340626','2019-04-03','2019-04-08','Zoomit',NULL,70.29,'fix power activated release; install separate rear audio; ','in progress'),('0KQT4QWDSFO183874','2019-06-26','2019-06-26','Zumgoity','16V812000',46.83,'improve cylinder configuration; fix solar sunroof; ','completed'),('0OZ6776OUA0065975','2019-06-18','2019-06-18','Toughzap',NULL,49.36,'reduce fuel consumption; adjust ignition timing; ','pending'),('0OZ6776OUA0065975','2019-06-19','2019-06-19','Toughzap',NULL,49.36,'install roof spoiler; configure audio remote control; ','completed'),('0XHRC15HS5V123753','2019-04-27','2019-04-28','Rundofase',NULL,59.2,'repair seatbelt force limiters; adjust ignition timing; ','completed'),('0XHRC15HS5V123753','2019-05-19','2019-06-22','Newex',NULL,1006.45,'install vanity mirrors; install anti-theft alarm; ','completed'),('0XHRC15HS5V123753','2019-06-29','2019-07-16','Zumgoity',NULL,118.41,'change pcv filter/pcv valve; fix rear defroster; ','in progress'),('0XHRC15HS5V123753','2019-07-28','2019-08-13','Cancity',NULL,59.2,'correct abs; install turbocharger; ','pending'),('0XHRC15HS5V123753','2019-08-15','2019-08-20','Rundofase','19V256000',177.61,'replace liftgate window; ','in progress'),('0XHRC15HS5V123753','2019-08-25','2019-08-27','Fasehatice',NULL,29.6,'fix steering damper; ','completed'),('0XHRC15HS5V123753','2019-09-04','2019-09-22','Rundofase',NULL,562.43,'make polarization coating; repair cooled seats; ','in progress'),('0XJA8OD4GS2220202','2019-06-15','2019-06-16','Cancity',NULL,34.84,'attach spoiler; replace radiator hoses; ','completed'),('0XJA8OD4GS2220202','2019-06-19','2019-07-12','Rundofase',NULL,330.98,'install intelligent alternator; remove oversteer; ','completed'),('0XJA8OD4GS2220202','2019-07-24','2019-08-04','Zoomit',NULL,139.36,'improve engine performance; add knee airbags; ','completed'),('0XJA8OD4GS2220202','2019-08-14','2019-09-09','Zoomit',NULL,452.92,'replace radiator hoses; replace steering column lock; ','pending'),('0XJA8OD4GS2220202','2019-09-17','2019-09-19','Zumgoity',NULL,34.84,'replace diverter valve; adjust reverse tilt mirrors; ','pending'),('0Y8HTOZ7K6L112375','2019-05-07','2019-05-07','Newex',NULL,43.24,'add heated windshield; configure audio remote control; ','completed'),('0Y8HTOZ7K6L112375','2019-05-10','2019-05-10','Zencorporation',NULL,43.24,'fix steering damper; check drive axle boots; ','completed'),('0Y8HTOZ7K6L112375','2019-05-11','2019-05-13','Zumgoity',NULL,86.47,'fix deceleration system; reduce fuel consumption; ','in progress'),('1D377TZAWSW801985','2019-02-03','2019-02-16','Toughzap',NULL,381.69,'add knee airbags; adjust climate control; ','pending'),('1D377TZAWSW801985','2019-02-26','2019-04-19','Zoomit',NULL,31.81,'configure universal remote control; adjust adaptive cruise control; ','completed'),('1D377TZAWSW801985','2019-04-23','2019-05-17','Cancity',NULL,381.69,'configure universal remote control; ','in progress'),('1D377TZAWSW801985','2019-06-11','2019-06-29','Zoomit',NULL,572.54,'fix rear defroster; improve cylinder configuration; ','completed'),('1D377TZAWSW801985','2019-09-08','2019-09-23','Newex',NULL,286.27,'change speaker configuration; prevent fuel pump shutoff; ','completed'),('1D75678DO43448008','2019-05-30','2019-06-02','Newex',NULL,177.74,'replace crankcase ventilation filter; replace tail lights; ','pending'),('1EW5SWZMNBU661507','2019-02-15','2019-02-17','Zencorporation','04V133000',25.78,'repair cooled seats; set up auto-delay headlights; ','in progress'),('1J1RMS1AO48718511','2019-05-27','2019-05-28','Zencorporation',NULL,28.85,'fix air filter restriction indicator; install on-board diagnosis system; ','pending'),('1J1RMS1AO48718511','2019-05-31','2019-06-03','Fasehatice',NULL,57.7,'replace radiator hoses; change purge valve; ','in progress'),('1J1RMS1AO48718511','2019-06-05','2019-06-09','Rundofase',NULL,72.12,'reduce fuel consumption; ','completed'),('1J1RMS1AO48718511','2019-06-11','2019-06-12','Zoomit',NULL,14.42,'configure audio remote control; change coolant; ','completed'),('1J1RMS1AO48718511','2019-06-14','2019-06-15','Cancity','14V422000',14.42,'configure audio remote control; correct abs; ','pending'),('1J1RMS1AO48718511','2019-06-18','2019-06-20','Rundofase',NULL,43.27,'change air conditioner refrigerant; replace liftgate window; ','pending'),('1J1RMS1AO48718511','2019-06-21','2019-06-22','Rundofase','07V533000',28.85,'change brake linings; add knee airbags; ','in progress'),('1J1RMS1AO48718511','2019-06-25','2019-06-25','Zumgoity',NULL,14.42,'attach seat extension; install optional equipment; ','pending'),('1MF8O5K3V5X143850','2019-06-03','2019-06-04','Zumgoity',NULL,30.71,'replace water pump; repair cooled seats; ','pending'),('1MF8O5K3V5X143850','2019-06-05','2019-06-06','Fasehatice','18V432000',30.71,'change pcv filter/pcv valve; fix sunroof; ','pending'),('1MF8O5K3V5X143850','2019-06-07','2019-06-12','Rundofase',NULL,30.71,'replace fuel filter; install smoked glass; ','in progress'),('1MF8O5K3V5X143850','2019-06-15','2019-06-15','Rundofase',NULL,30.71,'replace tail lights; replace steering column lock; ','in progress'),('1NVXI5JXG3Q330243','2019-06-11','2019-06-11','Zumgoity',NULL,114.87,'install optional equipment; install vanity mirrors; ','completed'),('1NVXI5JXG3Q330243','2019-06-14','2019-06-15','Zoomit',NULL,114.87,'adjust block heater; attach spoiler; ','pending'),('1NVXI5JXG3Q330243','2019-06-17','2019-06-19','Zoomit','16V842000',229.74,'adjust turn signals; adjust turn signals; ','completed'),('1RQR2NON75E373495','2019-02-27','2019-03-05','Rundofase',NULL,65.17,'change steering rack; fix external temperature display; ','pending'),('1U4MXLVV84A726331','2019-04-12','2019-04-17','Newex','13V314000',83.39,'fix ventilated seats; ','in progress'),('1U4MXLVV84A726331','2019-04-22','2019-04-22','Newex',NULL,20.85,'fix power activated release; ','pending'),('1U4MXLVV84A726331','2019-04-29','2019-05-03','Rundofase','12V477000',62.54,'change purge valve; install roof spoiler; ','completed'),('1U4MXLVV84A726331','2019-05-04','2019-05-05','Cancity',NULL,41.7,'change oil filter; fix cylinder head bolts; ','completed'),('1U4MXLVV84A726331','2019-05-06','2019-05-10','Rundofase','11V510000',41.7,'adjust low fuel warning indicator; install curtain airbags; ','in progress'),('1WU1KQALZ75403546','2019-03-06','2019-04-25','Zencorporation',NULL,216.42,'attach seat extension; replace radiator core & ac condenser; ','pending'),('1WU1KQALZ75403546','2019-05-12','2019-05-28','Toughzap',NULL,389.56,'reduce carbon footprint; adjust adaptive cruise control; ','completed'),('1WU1KQALZ75403546','2019-07-19','2019-08-06','Cancity',NULL,43.28,'repair shiftable automatic transmission; refurbish power steering; ','in progress'),('1WU1KQALZ75403546','2019-09-14','2019-09-25','Newex',NULL,389.56,'change coolant; adjust low fuel warning indicator; ','in progress'),('22420XMJ47N471618','2019-02-13','2019-03-13','Toughzap',NULL,337.14,'change purge valve; ','completed'),('23XI32P0M0K897737','2019-02-06','2019-06-18','Cancity',NULL,761.97,'fix deceleration system; replace stabilizer bar; ','completed'),('27J2LRAE38R945176','2019-05-08','2019-07-03','Fasehatice','14V404000',723.91,'reduce blind spot; install intelligent alternator; ','in progress'),('27J2LRAE38R945176','2019-07-18','2019-07-26','Fasehatice','16V651000',98.71,'check drive axle boots; adjust accelerator pedal linkage; ','in progress'),('27J2LRAE38R945176','2019-08-09','2019-08-19','Zencorporation',NULL,164.52,'replace fuel filter; change coolant; ','in progress'),('2CEDOZQS3WI014174','2019-01-17','2019-03-25','Newex',NULL,4118.68,'improve engine performance; adjust adaptive cruise control; ','completed'),('2CEDOZQS3WI014174','2019-05-22','2019-06-01','Zumgoity',NULL,430.31,'fix steering damper; replace crankcase ventilation filter; ','pending'),('2CEDOZQS3WI014174','2019-07-05','2019-07-30','Zencorporation',NULL,1352.4,'change speaker configuration; replace brake pedal spring; ','pending'),('2CEDOZQS3WI014174','2019-08-16','2019-08-23','Rundofase',NULL,122.95,'replace timing belt tensioner; replace crankcase ventilation filter; ','in progress'),('2CEDOZQS3WI014174','2019-08-27','2019-09-26','Toughzap',NULL,1352.4,'replace fuel filter; check drive axle boots; ','pending'),('2KANK83IC2A444270','2019-02-10','2019-02-10','Zumgoity',NULL,41.57,'change speaker configuration; adjust retractable mirrors; ','in progress'),('2KANK83IC2A444270','2019-02-12','2019-02-23','Fasehatice',NULL,83.15,'replace catalytic converter; replace crankcase ventilation filter; ','completed'),('2KANK83IC2A444270','2019-02-25','2019-02-27','Zoomit',NULL,41.57,'change purge valve; add knee airbags; ','completed'),('2TN1NJUXESG344969','2019-02-16','2019-02-24','Zumgoity',NULL,444.9,'change pcv filter/pcv valve; install smoked glass; ','completed'),('2TN1NJUXESG344969','2019-02-25','2019-03-09','Zencorporation','09V277000',444.9,'reduce carbon footprint; replace stabilizer bar; ','completed'),('2TN1NJUXESG344969','2019-03-11','2019-03-19','Newex','17V014000',333.68,'change purge valve; fix cylinder head bolts; ','in progress'),('2TN1NJUXESG344969','2019-04-03','2019-04-13','Zencorporation','16V358000',778.58,'replace fuel filter; fix deceleration system; ','in progress'),('2TN1NJUXESG344969','2019-04-14','2019-05-09','Zoomit','11V464000',667.35,'adjust block heater; ','in progress'),('2TN1NJUXESG344969','2019-05-14','2019-05-17','Toughzap',NULL,444.9,'adjust turn signals; change coolant; ','in progress'),('2TN1NJUXESG344969','2019-05-19','2019-05-20','Fasehatice','16V576000',222.45,'make polarization coating; adjust block heater; ','in progress'),('30IT6VOHPTN692600','2019-05-19','2019-05-19','Zoomit',NULL,15.28,'replace radiator core & ac condenser; add heated windshield; ','pending'),('30IT6VOHPTN692600','2019-05-20','2019-05-21','Fasehatice',NULL,15.28,'change wheel cylinders; reduce blind spot; ','pending'),('30IT6VOHPTN692600','2019-05-22','2019-05-22','Newex',NULL,15.28,'install on-board diagnosis system; ','completed'),('30KBYEYBKH5669910','2019-05-17','2019-05-22','Rundofase',NULL,61.14,'prevent fuel pump shutoff; configure universal remote control; ','in progress'),('30KBYEYBKH5669910','2019-05-27','2019-05-31','Zencorporation',NULL,30.57,'change wheel cylinders; install parking sensors; ','completed'),('30KBYEYBKH5669910','2019-06-02','2019-06-03','Zoomit',NULL,30.57,'replace stabilizer bar; replace brake pedal spring; ','pending'),('30KBYEYBKH5669910','2019-06-05','2019-06-08','Zencorporation',NULL,61.14,'replace ace filter; fix broken tow hooks; ','pending'),('30KBYEYBKH5669910','2019-06-13','2019-06-17','Rundofase',NULL,45.85,'replace tail lights; ','pending'),('30KBYEYBKH5669910','2019-06-18','2019-06-19','Fasehatice',NULL,15.28,'change timing belt; fix steering damper; ','completed'),('31ZQB40Z55B784788','2019-03-13','2019-03-24','Zumgoity','19V006000',334.21,'adjust accelerator pedal linkage; upgrade navigation system; ','completed'),('31ZQB40Z55B784788','2019-04-01','2019-04-04','Toughzap',NULL,30.38,'adjust seat belts tension; refurbish power steering; ','in progress'),('31ZQB40Z55B784788','2019-04-06','2019-04-09','Newex','00V099000',60.77,'replace fuel filter; repair direct injection system; ','completed'),('31ZQB40Z55B784788','2019-04-15','2019-04-16','Cancity',NULL,30.38,'change suspension fluid; change timing belt; ','pending'),('31ZQB40Z55B784788','2019-04-17','2019-04-24','Zumgoity',NULL,30.38,'install separate rear audio; replace catalytic converter; ','completed'),('31ZQB40Z55B784788','2019-05-06','2019-05-14','Rundofase',NULL,91.15,'add knee airbags; adjust block heater; ','completed'),('35TB5QWCJW0515619','2019-04-19','2019-04-24','Newex',NULL,54.46,'replace radiator hoses; change wheel cylinders; ','completed'),('35TB5QWCJW0515619','2019-04-29','2019-05-01','Cancity',NULL,54.46,'install turbocharger; add heated windshield; ','pending'),('35TB5QWCJW0515619','2019-05-02','2019-05-03','Zumgoity',NULL,18.15,'reduce blind spot; replace radiator hoses; ','pending'),('35TB5QWCJW0515619','2019-05-06','2019-05-06','Fasehatice',NULL,18.15,'replace liftgate window; replace steering column lock; ','in progress'),('35TB5QWCJW0515619','2019-05-11','2019-05-13','Zencorporation',NULL,18.15,'add knee airbags; fix rear hvac; ','completed'),('35TB5QWCJW0515619','2019-05-14','2019-05-19','Toughzap',NULL,18.15,'fix sunroof; check drive axle boots; ','in progress'),('35TB5QWCJW0515619','2019-05-24','2019-05-24','Zoomit','16V137000',18.15,'replace ace filter; adjust block heater; ','in progress'),('35TB5QWCJW0515619','2019-05-26','2019-05-29','Zoomit',NULL,54.46,'attach seat extension; improve cylinder configuration; ','completed'),('38ZSAKVC20U930606','2019-02-10','2019-02-12','Zumgoity','14V753000',14.72,'attach exterior camera; change wheel cylinders; ','completed'),('38ZSAKVC20U930606','2019-03-21','2019-03-21','Newex',NULL,14.72,'install active pedestrian protection system; reduce blind spot; ','pending'),('38ZSAKVC20U930606','2019-04-04','2019-04-14','Newex',NULL,132.45,'install anti-theft alarm; replace steering column lock; ','in progress'),('38ZSAKVC20U930606','2019-04-25','2019-05-19','Zoomit',NULL,103.02,'fix ventilated seats; repair cooled seats; ','pending'),('38ZSAKVC20U930606','2019-05-24','2019-06-09','Toughzap',NULL,250.19,'replace stabilizer bar; install parking sensors; ','pending'),('3HWBBE541KJ068668','2019-05-25','2019-06-14','Zoomit','18E016000',762.4,'change steering rack; replace steering column lock; ','pending'),('3KYD25BMOB3101135','2019-06-13','2019-06-20','Cancity',NULL,130.82,'replace tail lights; ','pending'),('3KYD25BMOB3101135','2019-06-25','2019-07-01','Zumgoity',NULL,261.63,'change air conditioner refrigerant; set up satellite radio; ','pending'),('3KYD25BMOB3101135','2019-07-11','2019-07-11','Zoomit',NULL,43.61,'install smoked glass; replace tail lights; ','in progress'),('3KYD25BMOB3101135','2019-07-28','2019-08-05','Zoomit',NULL,87.21,'check drive axle boots; ','completed'),('3KYD25BMOB3101135','2019-08-06','2019-08-09','Newex',NULL,87.21,'install active pedestrian protection system; change speaker configuration; ','completed'),('3KYD25BMOB3101135','2019-08-20','2019-08-24','Cancity',NULL,130.82,'fix broken tow hooks; fix deceleration system; ','completed'),('3KYD25BMOB3101135','2019-08-28','2019-08-29','Rundofase',NULL,43.61,'adjust turn signals; install parking sensors; ','pending'),('3KYD25BMOB3101135','2019-09-05','2019-09-18','Zencorporation',NULL,174.42,'replace fuel filter; adjust seat belts tension; ','completed'),('3S8JO5UMV1Y166789','2019-06-26','2019-06-26','Cancity','18V576000',16.97,'install dusk-sensing headlights; adjust accelerator pedal linkage; ','in progress'),('3S8JO5UMV1Y166789','2019-06-30','2019-07-04','Cancity',NULL,33.94,'fix rear defroster; ','in progress'),('3S8JO5UMV1Y166789','2019-07-05','2019-07-27','Rundofase',NULL,356.39,'replace catalytic converter; install dusk-sensing headlights; ','in progress'),('3S8JO5UMV1Y166789','2019-07-29','2019-07-30','Newex',NULL,33.94,'adjust regenerative braking; install dusk-sensing headlights; ','completed'),('3S8JO5UMV1Y166789','2019-07-31','2019-08-06','Fasehatice','08E050000',33.94,'install intelligent alternator; change timing belt; ','in progress'),('3S8JO5UMV1Y166789','2019-08-11','2019-08-18','Rundofase',NULL,118.8,'install turbocharger; ','pending'),('3S8JO5UMV1Y166789','2019-08-26','2019-09-03','Zencorporation',NULL,135.77,'change timing belt; replace steering column lock; ','pending'),('3S8JO5UMV1Y166789','2019-09-06','2019-09-19','Toughzap',NULL,169.71,'install curtain airbags; replace catalytic converter; ','in progress'),('3U3N6HS8K3V143011','2019-03-15','2019-03-15','Fasehatice',NULL,36.42,'reduce blind spot; adjust climate control; ','completed'),('3U3N6HS8K3V143011','2019-03-29','2019-03-31','Cancity',NULL,36.42,'fix steering damper; change wheel cylinders; ','completed'),('3U3N6HS8K3V143011','2019-04-21','2019-05-01','Zoomit','04V046000',145.67,'install optional equipment; fix sunroof; ','in progress'),('3U3N6HS8K3V143011','2019-05-05','2019-05-16','Rundofase',NULL,254.92,'fix rear defroster; install roof spoiler; ','pending'),('3VWJ7G74MRP551283','2019-05-18','2019-05-20','Zumgoity',NULL,33.35,'configure audio remote control; change coolant; ','pending'),('3VWJ7G74MRP551283','2019-05-22','2019-05-22','Newex',NULL,11.12,'repair shiftable automatic transmission; change memory settings of the onboard computer; ','completed'),('3VWJ7G74MRP551283','2019-05-28','2019-05-31','Fasehatice',NULL,44.47,'fix ventilated seats; repair direct injection system; ','completed'),('3VWJ7G74MRP551283','2019-06-06','2019-06-07','Newex',NULL,11.12,'replace liftgate window; add heated windshield; ','pending'),('3VWJ7G74MRP551283','2019-06-08','2019-06-11','Toughzap',NULL,33.35,'fix nvh dampening system; ','pending'),('3VWJ7G74MRP551283','2019-06-25','2019-06-25','Cancity',NULL,11.12,'replace water pump; change pcv filter/pcv valve; ','in progress'),('41AHCTXZIUN699904','2019-03-26','2019-04-19','Newex',NULL,67.5,'add knee airbags; set up satellite radio; ','pending'),('41AHCTXZIUN699904','2019-05-04','2019-06-27','Zumgoity',NULL,472.52,'change purge valve; install anti-theft alarm; ','in progress'),('41AHCTXZIUN699904','2019-06-29','2019-07-03','Toughzap',NULL,16.88,'adjust ignition timing; change steering rack; ','in progress'),('41AHCTXZIUN699904','2019-07-12','2019-08-07','Zencorporation','10V449000',455.65,'change air conditioner refrigerant; install intelligent alternator; ','in progress'),('41AHCTXZIUN699904','2019-08-11','2019-08-17','Zencorporation',NULL,118.13,'fix external temperature display; adjust reverse tilt mirrors; ','pending'),('41AHCTXZIUN699904','2019-08-19','2019-09-05','Cancity',NULL,101.26,'make polarization coating; change speaker configuration; ','pending'),('426W8PU85BH593514','2019-02-22','2019-02-24','Rundofase',NULL,24.15,'fix cylinder head bolts; change purge valve; ','completed'),('426W8PU85BH593514','2019-02-26','2019-02-26','Zoomit',NULL,24.15,'improve cylinder configuration; improve engine performance; ','pending'),('426W8PU85BH593514','2019-03-21','2019-03-27','Zoomit','19V149000',96.6,'fix solar sunroof; reconfigure service reminder light; ','in progress'),('426W8PU85BH593514','2019-04-08','2019-04-22','Cancity',NULL,96.6,'install smoked glass; ','in progress'),('4G40BAXEV4V936460','2019-04-12','2019-04-13','Zencorporation',NULL,37.72,'remove oversteer; attach seat extension; ','in progress'),('4G40BAXEV4V936460','2019-04-14','2019-04-15','Zoomit',NULL,18.86,'install turbocharger; ','pending'),('4G40BAXEV4V936460','2019-04-16','2019-04-16','Rundofase',NULL,18.86,'adjust ignition timing; adjust traction control system; ','completed'),('4G40BAXEV4V936460','2019-04-21','2019-04-22','Fasehatice',NULL,18.86,'replace water pump; repair cooled seats; ','pending'),('4G40BAXEV4V936460','2019-04-24','2019-04-28','Zoomit',NULL,18.86,'replace fuel filter; ','in progress'),('4G40BAXEV4V936460','2019-04-29','2019-04-30','Newex',NULL,37.72,'install separate rear audio; fix broken tow hooks; ','in progress'),('4G40BAXEV4V936460','2019-05-01','2019-05-02','Rundofase',NULL,18.86,'change speaker configuration; fix solar sunroof; ','completed'),('58SXUC0BZIA446980','2019-04-12','2019-04-14','Zumgoity','18V268000',89.39,'change air conditioner refrigerant; fix a-pillar; ','completed'),('58SXUC0BZIA446980','2019-07-18','2019-09-16','Toughzap','11V395000',238.37,'fix cylinder head bolts; replace brake pedal spring; ','pending'),('5I71MA5PSO0445780','2019-04-01','2019-04-07','Newex',NULL,127.23,'adjust climate control; ','in progress'),('5I71MA5PSO0445780','2019-04-23','2019-04-28','Zumgoity',NULL,63.62,'fix cylinder head bolts; ','completed'),('5I71MA5PSO0445780','2019-05-27','2019-06-17','Zumgoity','18V828000',667.96,'improve cylinder configuration; refurbish power steering; ','completed'),('5I71MA5PSO0445780','2019-06-19','2019-06-23','Zumgoity',NULL,159.04,'install on-board diagnosis system; install on-board diagnosis system; ','pending'),('5I71MA5PSO0445780','2019-07-21','2019-08-15','Fasehatice',NULL,159.04,'replace ace filter; improve engine performance; ','completed'),('5I71MA5PSO0445780','2019-08-27','2019-08-28','Zumgoity',NULL,31.81,'fix nvh dampening system; ','in progress'),('5I71MA5PSO0445780','2019-08-30','2019-09-19','Zoomit',NULL,540.73,'set up satellite radio; replace brake pedal spring; ','in progress'),('5U2302GFYRL619555','2019-05-12','2019-05-30','Zumgoity',NULL,536.94,'set up auto-delay headlights; adjust seat belts tension; ','pending'),('5U2302GFYRL619555','2019-06-11','2019-06-11','Fasehatice',NULL,28.26,'install on-board diagnosis system; upgrade navigation system; ','completed'),('5U2302GFYRL619555','2019-06-18','2019-06-26','Zencorporation','13V489000',169.56,'add heated windshield; fix broken tow hooks; ','completed'),('5U2302GFYRL619555','2019-07-03','2019-07-10','Toughzap','15V629000',169.56,'install vanity mirrors; install optional equipment; ','in progress'),('5U2302GFYRL619555','2019-07-17','2019-07-20','Rundofase',NULL,56.52,'refurbish power steering; replace catalytic converter; ','pending'),('66BVP1UV1VM384215','2019-05-25','2019-06-09','Fasehatice',NULL,279.31,'adjust regenerative braking; remove oversteer; ','in progress'),('66BVP1UV1VM384215','2019-06-19','2019-06-27','Cancity',NULL,79.8,'fix air filter restriction indicator; ','in progress'),('66BVP1UV1VM384215','2019-07-11','2019-07-20','Zumgoity',NULL,79.8,'replace tail lights; fix rear defroster; ','completed'),('66BVP1UV1VM384215','2019-08-01','2019-08-24','Cancity',NULL,99.76,'install dusk-sensing headlights; fix rear defroster; ','in progress'),('66BVP1UV1VM384215','2019-09-02','2019-09-23','Toughzap',NULL,119.71,'install anti-theft alarm; refurbish power steering; ','completed'),('6D300ABH65P725391','2019-03-05','2019-03-19','Fasehatice',NULL,459.95,'adjust climate control; install roof spoiler; ','completed'),('6D300ABH65P725391','2019-03-21','2019-04-30','Zumgoity',NULL,1494.83,'set up gyro sensor; install active pedestrian protection system; ','pending'),('6D300ABH65P725391','2019-05-30','2019-06-28','Newex',NULL,766.58,'fix external temperature display; adjust reverse tilt mirrors; ','in progress'),('6HKQMAEQ5PA690783','2019-01-20','2019-02-27','Fasehatice',NULL,664.32,'replace catalytic converter; replace diverter valve; ','pending'),('6HKQMAEQ5PA690783','2019-03-02','2019-03-02','Fasehatice',NULL,44.29,'change steering rack; make polarization coating; ','in progress'),('6HKQMAEQ5PA690783','2019-03-04','2019-03-20','Zumgoity',NULL,265.73,'install turbocharger; improve cylinder configuration; ','completed'),('6KSCMBLK5DZ055754','2019-05-08','2019-05-28','Cancity',NULL,483,'change wheel cylinders; configure universal remote control; ','in progress'),('6KSCMBLK5DZ055754','2019-06-16','2019-06-16','Zencorporation',NULL,24.15,'install intelligent alternator; install separate rear audio; ','completed'),('6PSJQWZYS2J443879','2019-06-20','2019-06-20','Fasehatice',NULL,133,'adjust hybrid performance; change purge valve; ','completed'),('6PSJQWZYS2J443879','2019-06-21','2019-06-22','Toughzap',NULL,133,'change coolant; ','pending'),('7F3L3GAY4BB268957','2019-06-16','2019-06-26','Zoomit','13V259000',162.61,'adjust regenerative braking; replace liftgate window; ','completed'),('7FT34LPXEKD855738','2019-02-11','2019-02-24','Toughzap',NULL,278.93,'fix external temperature display; correct abs; ','completed'),('7FT34LPXEKD855738','2019-02-27','2019-03-02','Rundofase','09V357000',55.79,'adjust retractable mirrors; add knee airbags; ','completed'),('7FT34LPXEKD855738','2019-03-04','2019-03-05','Zumgoity',NULL,27.89,'replace timing belt tensioner; fix external temperature display; ','pending'),('7FT34LPXEKD855738','2019-03-14','2019-03-15','Zoomit','18V525000',27.89,'set up satellite radio; replace ace filter; ','in progress'),('7FT34LPXEKD855738','2019-03-17','2019-03-20','Newex',NULL,55.79,'remove oversteer; install on-board diagnosis system; ','completed'),('7FT34LPXEKD855738','2019-03-28','2019-03-31','Zumgoity',NULL,27.89,'adjust accelerator pedal linkage; repair cooled seats; ','completed'),('7FT34LPXEKD855738','2019-04-06','2019-04-06','Zumgoity',NULL,27.89,'install vanity mirrors; fix external temperature display; ','pending'),('7T0CI3XEYJA004139','2019-06-13','2019-06-13','Newex',NULL,52.08,'fix a-pillar; ','in progress'),('7T0CI3XEYJA004139','2019-06-14','2019-06-14','Zoomit',NULL,52.08,'install roof spoiler; attach seat extension; ','pending'),('7T0CI3XEYJA004139','2019-06-15','2019-06-15','Newex','18V231000',52.08,'adjust seat belts tension; adjust turn signals; ','completed'),('7T0CI3XEYJA004139','2019-06-16','2019-06-16','Zoomit',NULL,52.08,'change steering rack; adjust ignition timing; ','pending'),('7T0CI3XEYJA004139','2019-06-17','2019-06-19','Toughzap','13V175000',52.08,'change memory settings of the onboard computer; ','pending'),('7T0CI3XEYJA004139','2019-06-20','2019-06-21','Zencorporation',NULL,104.15,'attach exterior camera; ','in progress'),('7T0CI3XEYJA004139','2019-06-22','2019-06-22','Zoomit','16V907000',52.08,'adjust adaptive cruise control; improve engine performance; ','pending'),('7T0CI3XEYJA004139','2019-06-23','2019-06-23','Rundofase','13V289000',52.08,'adjust adaptive cruise control; change timing belt; ','in progress'),('7W7UDF3KP41966929','2019-04-15','2019-05-01','Rundofase',NULL,87.25,'set up auto-delay headlights; ','completed'),('7W7UDF3KP41966929','2019-05-17','2019-07-28','Zoomit',NULL,1047.03,'install roof spoiler; adjust accelerator pedal linkage; ','in progress'),('7Y1EAHONCCS732936','2019-01-19','2019-02-11','Zencorporation','09E012000',1073,'replace radiator hoses; replace radiator core & ac condenser; ','pending'),('7Y1EAHONCCS732936','2019-02-25','2019-03-29','Cancity',NULL,1430.67,'replace liftgate window; refurbish power steering; ','in progress'),('7Y1EAHONCCS732936','2019-04-22','2019-05-20','Fasehatice',NULL,625.92,'adjust hybrid performance; configure universal remote control; ','in progress'),('7Y1EAHONCCS732936','2019-06-28','2019-07-11','Zencorporation',NULL,715.34,'adjust seat belts tension; repair seatbelt force limiters; ','pending'),('7Y1EAHONCCS732936','2019-08-09','2019-08-22','Rundofase',NULL,357.67,'replace radiator core & ac condenser; fix power activated release; ','pending'),('7Y1EAHONCCS732936','2019-08-27','2019-09-08','Toughzap',NULL,89.42,'replace radiator core & ac condenser; change oil filter; ','pending'),('7Y1EAHONCCS732936','2019-09-11','2019-09-15','Zoomit',NULL,357.67,'fix rear hvac; reduce fuel consumption; ','pending'),('7YCPTKZS5B3163969','2019-04-29','2019-05-01','Zoomit',NULL,33.11,'install parking sensors; adjust traction control system; ','completed'),('7YCPTKZS5B3163969','2019-05-04','2019-05-12','Rundofase','18V170000',264.84,'change air conditioner refrigerant; ','in progress'),('7YCPTKZS5B3163969','2019-05-13','2019-05-15','Toughzap',NULL,99.32,'replace stabilizer bar; ','completed'),('7YCPTKZS5B3163969','2019-05-21','2019-05-22','Newex',NULL,33.11,'repair direct injection system; replace ace filter; ','pending'),('7YCPTKZS5B3163969','2019-05-27','2019-05-28','Zoomit',NULL,66.21,'replace steering column lock; install curtain airbags; ','pending'),('8BPZY476GS8852305','2019-04-04','2019-04-08','Cancity',NULL,56.38,'repair shiftable automatic transmission; fix a-pillar; ','completed'),('8BPZY476GS8852305','2019-04-20','2019-05-05','Fasehatice',NULL,789.27,'refurbish power steering; fix rear hvac; ','pending'),('8BPZY476GS8852305','2019-05-09','2019-05-17','Zoomit',NULL,281.88,'adjust turn signals; install curtain airbags; ','in progress'),('8BPZY476GS8852305','2019-05-24','2019-05-24','Toughzap',NULL,56.38,'fix cylinder head bolts; replace tail lights; ','in progress'),('8BPZY476GS8852305','2019-05-26','2019-06-01','Rundofase',NULL,281.88,'replace ace filter; fix steering damper; ','completed'),('8BPZY476GS8852305','2019-06-02','2019-06-06','Rundofase',NULL,169.13,'install separate rear audio; prevent fuel pump shutoff; ','pending'),('8BPZY476GS8852305','2019-06-09','2019-06-10','Zencorporation',NULL,56.38,'replace stabilizer bar; fix sunroof; ','completed'),('8BPZY476GS8852305','2019-06-13','2019-06-17','Zumgoity',NULL,169.13,'install curtain airbags; ','pending'),('8C76DYYDYJU989849','2019-04-27','2019-04-28','Zumgoity',NULL,115.74,'set up satellite radio; adjust climate control; ','completed'),('8C76DYYDYJU989849','2019-05-12','2019-05-16','Zumgoity',NULL,231.48,'adjust turn signals; install separate rear audio; ','completed'),('8C76DYYDYJU989849','2019-05-18','2019-05-20','Rundofase',NULL,173.61,'fix rear defroster; fix rear defroster; ','pending'),('8C76DYYDYJU989849','2019-07-09','2019-07-14','Zencorporation',NULL,289.35,'fix rear hvac; reconfigure service reminder light; ','in progress'),('8C76DYYDYJU989849','2019-07-17','2019-07-25','Rundofase','16V256000',347.22,'replace timing belt tensioner; adjust traction control system; ','in progress'),('8C76DYYDYJU989849','2019-08-21','2019-08-25','Toughzap',NULL,289.35,'replace water pump; add knee airbags; ','completed'),('8C76DYYDYJU989849','2019-09-06','2019-09-25','Zumgoity',NULL,694.44,'replace brake pedal spring; adjust traction control system; ','completed'),('8FX05ZAH64B316440','2019-03-24','2019-04-04','Zumgoity',NULL,316.87,'install active pedestrian protection system; fix nvh dampening system; ','in progress'),('8FX05ZAH64B316440','2019-04-29','2019-05-01','Rundofase','15V871000',45.27,'fix broken tow hooks; adjust running boards; ','completed'),('8FX05ZAH64B316440','2019-05-08','2019-05-25','Newex',NULL,679.02,'repair cooled seats; attach spoiler; ','completed'),('8FX05ZAH64B316440','2019-05-27','2019-06-22','Cancity',NULL,679.02,'repair shiftable automatic transmission; reduce fuel consumption; ','in progress'),('8FX05ZAH64B316440','2019-07-18','2019-07-24','Zumgoity',NULL,45.27,'adjust reverse tilt mirrors; adjust climate control; ','completed'),('8FX05ZAH64B316440','2019-08-04','2019-08-25','Zumgoity','17V769000',905.35,'adjust accelerator pedal linkage; improve engine performance; ','completed'),('8FX05ZAH64B316440','2019-09-02','2019-09-24','Rundofase',NULL,950.62,'replace diverter valve; replace brake pedal spring; ','pending'),('8HJHTFE0FGU264640','2019-01-26','2019-02-01','Zumgoity',NULL,132.53,'set up satellite radio; change suspension fluid; ','completed'),('8HJHTFE0FGU264640','2019-04-03','2019-07-05','Rundofase',NULL,473.32,'fix steering damper; change pcv filter/pcv valve; ','completed'),('8HJHTFE0FGU264640','2019-07-22','2019-09-05','Zumgoity',NULL,94.66,'correct abs; fix cylinder head bolts; ','completed'),('A1NW00GFYRY803793','2019-04-17','2019-04-18','Zencorporation',NULL,25.79,'configure audio remote control; change steering rack; ','completed'),('A1NW00GFYRY803793','2019-04-21','2019-04-26','Rundofase',NULL,51.58,'change air conditioner refrigerant; replace catalytic converter; ','pending'),('A1NW00GFYRY803793','2019-06-03','2019-06-19','Rundofase','05V338000',128.94,'install intelligent alternator; adjust traction control system; ','pending'),('A1NW00GFYRY803793','2019-06-24','2019-07-13','Toughzap',NULL,12.89,'replace radiator core & ac condenser; change oil filter; ','completed'),('A1NW00GFYRY803793','2019-07-26','2019-08-19','Zoomit','16V349000',128.94,'repair cooled seats; change steering rack; ','completed'),('A1NW00GFYRY803793','2019-08-20','2019-08-25','Zencorporation',NULL,25.79,'change oil filter; ','completed'),('A1NW00GFYRY803793','2019-08-29','2019-09-18','Zencorporation',NULL,154.73,'replace tail lights; change oil filter; ','completed'),('A2YAQD6KDWM503404','2019-05-26','2019-05-27','Fasehatice','08V390000',59.75,'adjust traction control system; reduce blind spot; ','in progress'),('A2YAQD6KDWM503404','2019-07-27','2019-07-28','Zumgoity',NULL,59.75,'replace steering column lock; reconfigure service reminder light; ','pending'),('A2YAQD6KDWM503404','2019-08-10','2019-09-05','Zumgoity',NULL,238.98,'reconfigure service reminder light; fix sunroof; ','completed'),('ABCX0O07N6F519334','2019-04-11','2019-06-21','Zoomit',NULL,2677,'replace brake pedal spring; ','pending'),('ABCX0O07N6F519334','2019-07-24','2019-08-30','Fasehatice',NULL,1408.95,'change suspension fluid; reduce blind spot; ','pending'),('AFTWPBMU2TA534019','2019-04-09','2019-04-19','Zumgoity',NULL,75.43,'adjust regenerative braking; adjust retractable mirrors; ','pending'),('AFTWPBMU2TA534019','2019-05-02','2019-05-20','Zoomit',NULL,301.71,'configure universal remote control; replace catalytic converter; ','pending'),('AFTWPBMU2TA534019','2019-05-27','2019-06-02','Toughzap',NULL,75.43,'reduce fuel consumption; ','completed'),('AFTWPBMU2TA534019','2019-06-18','2019-06-24','Zencorporation',NULL,150.86,'fix ventilated seats; replace tail lights; ','in progress'),('AFTWPBMU2TA534019','2019-07-24','2019-09-26','Toughzap',NULL,452.57,'upgrade navigation system; fix power activated release; ','in progress'),('AI51SMWRVBH997689','2019-02-07','2019-02-21','Zoomit',NULL,142.41,'fix power activated release; change timing belt; ','completed'),('AI51SMWRVBH997689','2019-02-23','2019-02-28','Zumgoity',NULL,35.6,'install vanity mirrors; set up gyro sensor; ','completed'),('AI51SMWRVBH997689','2019-04-17','2019-04-20','Fasehatice','06E043000',35.6,'adjust seat belts tension; ','in progress'),('AKHFEO0D1D4893889','2019-01-17','2019-01-17','Zumgoity','15V504000',51.03,'fix a-pillar; ','pending'),('AKHFEO0D1D4893889','2019-01-19','2019-01-22','Zumgoity',NULL,204.13,'fix rear defroster; reduce blind spot; ','completed'),('AKHFEO0D1D4893889','2019-01-24','2019-01-26','Zoomit','06E064000',153.1,'replace ace filter; replace ace filter; ','in progress'),('AKHFEO0D1D4893889','2019-01-28','2019-01-29','Cancity','12V524000',102.07,'fix sunroof; adjust regenerative braking; ','completed'),('AKHFEO0D1D4893889','2019-01-30','2019-01-30','Toughzap',NULL,51.03,'replace tail lights; change pcv filter/pcv valve; ','in progress'),('AKHFEO0D1D4893889','2019-02-02','2019-02-03','Newex',NULL,51.03,'change wheel cylinders; replace brake pedal spring; ','completed'),('AN86IKI83LD618280','2019-07-08','2019-07-08','Toughzap',NULL,37.77,'refurbish power steering; add heated windshield; ','in progress'),('AN86IKI83LD618280','2019-07-24','2019-08-13','Fasehatice',NULL,793.18,'fix deceleration system; set up satellite radio; ','completed'),('AN86IKI83LD618280','2019-08-14','2019-08-16','Zencorporation',NULL,37.77,'check drive axle boots; remove oversteer; ','pending'),('AN86IKI83LD618280','2019-08-19','2019-08-30','Cancity',NULL,188.85,'replace serpentine belt; install intelligent alternator; ','in progress'),('AN86IKI83LD618280','2019-08-31','2019-09-02','Rundofase',NULL,113.31,'install active pedestrian protection system; install intelligent alternator; ','in progress'),('AN86IKI83LD618280','2019-09-03','2019-09-10','Newex',NULL,264.39,'replace diverter valve; replace catalytic converter; ','in progress'),('AN86IKI83LD618280','2019-09-17','2019-09-18','Zumgoity','18V427000',37.77,'fix steering damper; adjust low fuel warning indicator; ','pending'),('ASBUY3C1GYP443816','2019-06-29','2019-07-18','Cancity',NULL,2091.25,'fix air filter restriction indicator; fix steering damper; ','completed'),('ASBUY3C1GYP443816','2019-08-06','2019-08-20','Toughzap',NULL,448.13,'install intelligent alternator; change speaker configuration; ','pending'),('ATWA3W65LU2848535','2019-04-12','2019-04-18','Toughzap',NULL,238.95,'fix external temperature display; change purge valve; ','in progress'),('ATWA3W65LU2848535','2019-05-06','2019-05-14','Zencorporation','12V305000',273.09,'prevent fuel pump shutoff; ','pending'),('ATWA3W65LU2848535','2019-05-20','2019-05-24','Newex','07E023000',34.14,'replace serpentine belt; replace water pump; ','in progress'),('ATWA3W65LU2848535','2019-06-09','2019-07-11','Newex',NULL,785.13,'adjust regenerative braking; replace steering column lock; ','completed'),('ATWA3W65LU2848535','2019-07-26','2019-07-27','Cancity','10V035000',68.27,'change pcv filter/pcv valve; prevent fuel pump shutoff; ','completed'),('ATWA3W65LU2848535','2019-08-07','2019-08-09','Zencorporation',NULL,34.14,'improve cylinder configuration; prevent fuel pump shutoff; ','completed'),('ATWA3W65LU2848535','2019-08-18','2019-09-03','Toughzap','18V025000',34.14,'fix sunroof; install roof spoiler; ','pending'),('ATWA3W65LU2848535','2019-09-09','2019-09-21','Toughzap',NULL,68.27,'repair direct injection system; ','completed'),('AZCPHC4R1RY522608','2019-04-02','2019-05-02','Zoomit','17V448000',325.59,'adjust adaptive cruise control; reduce blind spot; ','pending'),('AZCPHC4R1RY522608','2019-07-03','2019-07-18','Zencorporation',NULL,54.27,'replace fuel filter; fix cylinder head bolts; ','completed'),('AZCPHC4R1RY522608','2019-08-01','2019-08-10','Fasehatice',NULL,189.93,'replace water pump; ','in progress'),('B2JQXKMCCJ3730138','2019-04-09','2019-04-11','Zumgoity',NULL,142.37,'install active pedestrian protection system; ','completed'),('B2JQXKMCCJ3730138','2019-04-16','2019-04-16','Zencorporation','19V188000',47.46,'install intelligent alternator; fix rear defroster; ','pending'),('B2JQXKMCCJ3730138','2019-04-18','2019-04-22','Fasehatice',NULL,94.91,'adjust hybrid performance; install dusk-sensing headlights; ','in progress'),('B3V53WEVPX7253102','2019-04-08','2019-04-18','Zencorporation','07E021000',551.51,'set up auto-delay headlights; ','completed'),('B3V53WEVPX7253102','2019-06-07','2019-06-17','Newex',NULL,441.21,'change purge valve; remove oversteer; ','in progress'),('B3V53WEVPX7253102','2019-07-08','2019-08-08','Rundofase',NULL,882.42,'adjust low fuel warning indicator; replace water pump; ','in progress'),('B3V53WEVPX7253102','2019-08-14','2019-08-24','Toughzap',NULL,496.36,'adjust accelerator pedal linkage; add knee airbags; ','completed'),('B3V53WEVPX7253102','2019-08-27','2019-09-03','Zoomit',NULL,55.15,'reduce blind spot; change wheel cylinders; ','in progress'),('B3V53WEVPX7253102','2019-09-06','2019-09-08','Fasehatice',NULL,110.3,'install curtain airbags; install separate rear audio; ','in progress'),('B3V53WEVPX7253102','2019-09-13','2019-09-22','Fasehatice','16V595000',110.3,'replace steering column lock; ','pending'),('BHVL8OFSZ0G423785','2019-05-26','2019-07-01','Zumgoity','18V268000',92.02,'fix external temperature display; fix nvh dampening system; ','in progress'),('BHVL8OFSZ0G423785','2019-07-23','2019-07-24','Zoomit',NULL,26.29,'install parking sensors; add knee airbags; ','pending'),('BHVL8OFSZ0G423785','2019-07-25','2019-08-06','Toughzap','15V439000',78.87,'replace liftgate window; replace radiator core & ac condenser; ','completed'),('BHVL8OFSZ0G423785','2019-08-09','2019-09-19','Zencorporation','08E050000',407.51,'correct abs; adjust low fuel warning indicator; ','completed'),('BNWE37HKK6A465562','2019-02-21','2019-02-23','Cancity',NULL,47.43,'refurbish power steering; fix rear defroster; ','completed'),('BNWE37HKK6A465562','2019-09-04','2019-09-14','Cancity',NULL,79.05,'reduce blind spot; adjust turn signals; ','pending'),('BX1OSN5TZYU191007','2019-04-20','2019-04-21','Rundofase',NULL,45.61,'change speaker configuration; ','pending'),('BX1OSN5TZYU191007','2019-04-22','2019-04-22','Fasehatice',NULL,22.81,'fix ventilated seats; fix deceleration system; ','pending'),('BX1OSN5TZYU191007','2019-04-24','2019-04-25','Zencorporation','01V362000',22.81,'replace ace filter; change wheel cylinders; ','in progress'),('BX1OSN5TZYU191007','2019-04-26','2019-04-26','Cancity',NULL,22.81,'reconfigure service reminder light; fix deceleration system; ','in progress'),('BX1OSN5TZYU191007','2019-04-27','2019-04-29','Rundofase','02V111000',68.42,'upgrade navigation system; install optional equipment; ','completed'),('BX1OSN5TZYU191007','2019-04-30','2019-05-01','Toughzap',NULL,45.61,'adjust retractable mirrors; ','pending'),('C0VHQRA5CIO857811','2019-05-28','2019-05-31','Zumgoity',NULL,154.42,'install anti-theft alarm; replace steering column lock; ','pending'),('C0VHQRA5CIO857811','2019-06-01','2019-06-02','Fasehatice',NULL,77.21,'install turbocharger; change purge valve; ','pending'),('C0VHQRA5CIO857811','2019-06-09','2019-06-09','Zoomit',NULL,38.61,'install smoked glass; adjust seat belts tension; ','pending'),('C0VHQRA5CIO857811','2019-06-11','2019-06-13','Cancity',NULL,115.82,'change air conditioner refrigerant; ','in progress'),('C0VHQRA5CIO857811','2019-06-16','2019-06-17','Newex',NULL,77.21,'install turbocharger; change oil filter; ','completed'),('C0VHQRA5CIO857811','2019-06-18','2019-06-19','Rundofase',NULL,77.21,'remove oversteer; change speaker configuration; ','in progress'),('C1OCSTQ1VP0823459','2019-01-16','2019-01-19','Zoomit',NULL,118.73,'repair direct injection system; install anti-theft alarm; ','pending'),('C1OCSTQ1VP0823459','2019-01-23','2019-01-25','Toughzap',NULL,79.15,'prevent fuel pump shutoff; reduce blind spot; ','in progress'),('C1OCSTQ1VP0823459','2019-01-28','2019-01-31','Rundofase',NULL,79.15,'reduce carbon footprint; fix rear hvac; ','pending'),('C1OCSTQ1VP0823459','2019-02-06','2019-02-06','Zencorporation','03V509000',39.58,'install optional equipment; change speaker configuration; ','pending'),('C4QIGI5R0PE739600','2019-06-23','2019-07-10','Fasehatice',NULL,129.78,'upgrade navigation system; reduce carbon footprint; ','completed'),('C4QIGI5R0PE739600','2019-07-11','2019-07-12','Toughzap',NULL,21.63,'change coolant; fix broken tow hooks; ','in progress'),('C4QIGI5R0PE739600','2019-09-04','2019-09-11','Fasehatice',NULL,64.89,'prevent fuel pump shutoff; ','completed'),('CHA3G8GE21K992177','2019-02-27','2019-04-04','Rundofase',NULL,2242.78,'adjust climate control; repair cooled seats; ','pending'),('CHA3G8GE21K992177','2019-04-22','2019-05-03','Zoomit',NULL,407.78,'fix ventilated seats; change timing belt; ','completed'),('CHA3G8GE21K992177','2019-05-21','2019-05-25','Cancity','11V221000',101.94,'attach spoiler; replace timing belt tensioner; ','completed'),('CHA3G8GE21K992177','2019-06-18','2019-07-02','Toughzap',NULL,611.67,'attach exterior camera; fix external temperature display; ','pending'),('CHA3G8GE21K992177','2019-07-18','2019-07-22','Zencorporation','14V261000',305.83,'refurbish power steering; change timing belt; ','completed'),('CHA3G8GE21K992177','2019-07-24','2019-08-10','Zencorporation',NULL,1121.39,'replace crankcase ventilation filter; configure universal remote control; ','in progress'),('CHA3G8GE21K992177','2019-08-15','2019-09-13','Cancity',NULL,611.67,'fix rear defroster; reduce carbon footprint; ','pending'),('CNXWEAHRICK569430','2019-03-25','2019-04-15','Zoomit',NULL,735.02,'replace tail lights; ','in progress'),('CQCKR5VZRWO844951','2019-03-19','2019-03-19','Zoomit',NULL,62.05,'change coolant; fix ventilated seats; ','completed'),('CQCKR5VZRWO844951','2019-03-21','2019-03-22','Toughzap',NULL,62.05,'adjust reverse tilt mirrors; improve engine performance; ','completed'),('CQCKR5VZRWO844951','2019-03-24','2019-03-25','Cancity',NULL,124.09,'adjust block heater; install active pedestrian protection system; ','pending'),('CQCKR5VZRWO844951','2019-03-28','2019-03-30','Fasehatice',NULL,124.09,'set up satellite radio; ','in progress'),('CQCKR5VZRWO844951','2019-03-31','2019-04-01','Zencorporation',NULL,124.09,'replace fuel filter; fix nvh dampening system; ','in progress'),('CQCKR5VZRWO844951','2019-04-03','2019-04-04','Toughzap','18V248000',62.05,'fix ventilated seats; set up gyro sensor; ','pending'),('E5WGL31NMNQ304399','2019-07-25','2019-08-21','Zumgoity',NULL,1042.34,'replace stabilizer bar; ','in progress'),('E5WGL31NMNQ304399','2019-08-27','2019-09-05','Newex',NULL,115.82,'install on-board diagnosis system; adjust traction control system; ','pending'),('E5WGL31NMNQ304399','2019-09-11','2019-09-19','Zumgoity',NULL,154.42,'replace fuel filter; ','in progress'),('E5WGL31NMNQ304399','2019-09-21','2019-09-25','Zoomit',NULL,77.21,'add knee airbags; refurbish power steering; ','completed'),('E64AFHYM7CM667399','2019-02-12','2019-02-17','Zumgoity',NULL,107.95,'install separate rear audio; adjust low fuel warning indicator; ','pending'),('E64AFHYM7CM667399','2019-02-22','2019-02-26','Newex',NULL,89.95,'replace crankcase ventilation filter; ','pending'),('E64AFHYM7CM667399','2019-02-28','2019-03-08','Fasehatice',NULL,125.94,'fix cylinder head bolts; attach seat extension; ','completed'),('E64AFHYM7CM667399','2019-03-18','2019-03-20','Rundofase',NULL,35.98,'fix sunroof; ','completed'),('E8MFMML51CM701156','2019-05-11','2019-05-13','Zencorporation',NULL,34.04,'add knee airbags; reduce blind spot; ','pending'),('E8MFMML51CM701156','2019-05-20','2019-05-30','Toughzap',NULL,68.08,'fix sunroof; install on-board diagnosis system; ','in progress'),('E8MFMML51CM701156','2019-05-31','2019-06-04','Toughzap',NULL,68.08,'change memory settings of the onboard computer; replace crankcase ventilation filter; ','completed'),('E8MFMML51CM701156','2019-06-08','2019-06-16','Cancity','16V302000',119.15,'replace diverter valve; attach exterior camera; ','in progress'),('E8MFMML51CM701156','2019-06-22','2019-06-25','Newex',NULL,34.04,'change wheel cylinders; refurbish power steering; ','pending'),('E8MFMML51CM701156','2019-06-29','2019-07-14','Fasehatice','16V303000',204.25,'install active pedestrian protection system; install separate rear audio; ','in progress'),('E8MFMML51CM701156','2019-08-08','2019-09-11','Zoomit',NULL,374.46,'replace steering column lock; fix steering damper; ','completed'),('EAJW0OF78HV386515','2019-01-14','2019-01-15','Rundofase',NULL,32.57,'adjust turn signals; change memory settings of the onboard computer; ','completed'),('EAJW0OF78HV386515','2019-01-17','2019-01-19','Fasehatice',NULL,16.29,'repair seatbelt force limiters; ','completed'),('EAJW0OF78HV386515','2019-01-20','2019-01-20','Toughzap','09V428000',16.29,'install dusk-sensing headlights; install on-board diagnosis system; ','in progress'),('EAJW0OF78HV386515','2019-01-24','2019-01-28','Zoomit','06V205000',81.43,'change speaker configuration; change timing belt; ','in progress'),('EBZZN84J0L1163524','2019-03-04','2019-03-28','Zumgoity',NULL,1287.98,'replace water pump; ','completed'),('EBZZN84J0L1163524','2019-04-27','2019-04-29','Rundofase','00V198000',61.33,'set up gyro sensor; adjust block heater; ','pending'),('EBZZN84J0L1163524','2019-05-02','2019-05-13','Zumgoity',NULL,245.33,'repair seatbelt force limiters; replace crankcase ventilation filter; ','pending'),('EBZZN84J0L1163524','2019-05-14','2019-07-17','Toughzap',NULL,3434.63,'configure universal remote control; upgrade navigation system; ','pending'),('EBZZN84J0L1163524','2019-07-25','2019-08-19','Fasehatice','19V293000',1226.65,'improve engine performance; configure audio remote control; ','in progress'),('EBZZN84J0L1163524','2019-08-28','2019-08-30','Rundofase',NULL,184,'repair cooled seats; adjust seat belts tension; ','in progress'),('EBZZN84J0L1163524','2019-09-09','2019-09-11','Newex','18V332000',122.67,'refurbish power steering; fix sunroof; ','in progress'),('EBZZN84J0L1163524','2019-09-22','2019-09-24','Zoomit',NULL,61.33,'reduce fuel consumption; replace diverter valve; ','completed'),('EFUWNBMO3TM316916','2019-02-15','2019-02-16','Cancity','11V510000',41.7,'change purge valve; configure audio remote control; ','pending'),('EFUWNBMO3TM316916','2019-02-18','2019-02-18','Newex',NULL,20.85,'install dusk-sensing headlights; install active pedestrian protection system; ','in progress'),('EFUWNBMO3TM316916','2019-02-23','2019-02-25','Fasehatice',NULL,20.85,'install on-board diagnosis system; ','completed'),('EFUWNBMO3TM316916','2019-02-26','2019-02-26','Fasehatice',NULL,20.85,'adjust ignition timing; install active pedestrian protection system; ','completed'),('EMARJQJLUEI221810','2019-01-25','2019-02-01','Zumgoity',NULL,154.42,'attach spoiler; fix a-pillar; ','completed'),('EMARJQJLUEI221810','2019-02-07','2019-02-18','Toughzap',NULL,386.05,'fix nvh dampening system; ','completed'),('ENHQ8WS125F354364','2019-04-21','2019-04-26','Newex',NULL,137.54,'replace serpentine belt; replace steering column lock; ','completed'),('F5BABPZQD3I737349','2019-05-08','2019-05-09','Zoomit',NULL,47.26,'reconfigure service reminder light; ','in progress'),('F5BABPZQD3I737349','2019-05-12','2019-06-12','Newex',NULL,590.73,'install smoked glass; fix external temperature display; ','pending'),('F5BABPZQD3I737349','2019-07-25','2019-08-04','Newex',NULL,94.52,'install active pedestrian protection system; improve engine performance; ','pending'),('F5BABPZQD3I737349','2019-09-06','2019-09-15','Cancity',NULL,165.41,'fix deceleration system; replace ace filter; ','pending'),('F6TVSMY2L2Z886673','2019-06-23','2019-06-23','Cancity',NULL,33.17,'fix rear defroster; ','in progress'),('F6TVSMY2L2Z886673','2019-06-25','2019-06-25','Zoomit',NULL,33.17,'adjust block heater; ','completed'),('F6TVSMY2L2Z886673','2019-06-26','2019-06-26','Zoomit',NULL,33.17,'fix rear defroster; change suspension fluid; ','completed'),('FWOYW8SJUH7074597','2019-05-19','2019-05-28','Zencorporation','14V758000',130.3,'attach exterior camera; adjust running boards; ','pending'),('FWOYW8SJUH7074597','2019-06-07','2019-06-09','Toughzap',NULL,16.29,'adjust reverse tilt mirrors; check drive axle boots; ','in progress'),('FWOYW8SJUH7074597','2019-07-10','2019-07-10','Fasehatice','09V024000',16.29,'install on-board diagnosis system; adjust running boards; ','in progress'),('FWOYW8SJUH7074597','2019-07-23','2019-07-30','Fasehatice','19V146000',81.43,'install separate rear audio; correct abs; ','completed'),('FWOYW8SJUH7074597','2019-08-04','2019-08-07','Rundofase',NULL,65.15,'fix rear defroster; adjust accelerator pedal linkage; ','in progress'),('FWOYW8SJUH7074597','2019-08-25','2019-08-27','Fasehatice','17V761000',16.29,'adjust seat belts tension; replace crankcase ventilation filter; ','in progress'),('FWOYW8SJUH7074597','2019-09-08','2019-09-26','Zumgoity',NULL,195.44,'install turbocharger; adjust climate control; ','completed'),('FZ1HFZ585WR955503','2019-06-05','2019-06-07','Fasehatice',NULL,255.31,'change timing belt; install active pedestrian protection system; ','in progress'),('FZ1HFZ585WR955503','2019-06-08','2019-06-10','Toughzap',NULL,170.2,'install active pedestrian protection system; ','pending'),('FZ1HFZ585WR955503','2019-06-18','2019-06-18','Cancity',NULL,85.1,'replace diverter valve; change timing belt; ','completed'),('G33VJW8N2FY389186','2019-05-19','2019-05-21','Zoomit',NULL,18.45,'install on-board diagnosis system; ','completed'),('G33VJW8N2FY389186','2019-05-25','2019-05-30','Zumgoity',NULL,110.72,'fix nvh dampening system; ','completed'),('G33VJW8N2FY389186','2019-06-05','2019-06-06','Rundofase',NULL,36.91,'install curtain airbags; change pcv filter/pcv valve; ','pending'),('G33VJW8N2FY389186','2019-06-08','2019-06-11','Rundofase',NULL,73.81,'attach exterior camera; add knee airbags; ','in progress'),('G33VJW8N2FY389186','2019-06-13','2019-06-14','Newex','17V457000',18.45,'replace catalytic converter; replace brake pedal spring; ','in progress'),('G33VJW8N2FY389186','2019-06-15','2019-06-19','Zumgoity','16V354000',36.91,'upgrade navigation system; set up auto-delay headlights; ','in progress'),('GB5EB3AIUD0242483','2019-01-24','2019-03-29','Zoomit',NULL,235.3,'change brake linings; replace crankcase ventilation filter; ','in progress'),('GB5EB3AIUD0242483','2019-07-08','2019-07-14','Zencorporation',NULL,126.7,'attach exterior camera; replace radiator core & ac condenser; ','pending'),('GBA0V3Z00JI851102','2019-04-20','2019-04-21','Toughzap','19V461000',14.71,'install turbocharger; ','pending'),('GBA0V3Z00JI851102','2019-04-28','2019-04-28','Cancity','03V529000',14.71,'reduce blind spot; change coolant; ','in progress'),('GC225MTL5DF831250','2019-03-09','2019-03-16','Zoomit','18V844000',140.33,'replace stabilizer bar; improve engine performance; ','in progress'),('GC225MTL5DF831250','2019-03-26','2019-03-27','Zoomit',NULL,70.16,'replace brake pedal spring; repair shiftable automatic transmission; ','in progress'),('GC225MTL5DF831250','2019-03-28','2019-03-31','Zoomit',NULL,105.25,'fix ventilated seats; change memory settings of the onboard computer; ','completed'),('GC225MTL5DF831250','2019-04-08','2019-04-11','Fasehatice',NULL,35.08,'attach seat extension; remove oversteer; ','completed'),('GC225MTL5DF831250','2019-05-15','2019-06-19','Rundofase',NULL,596.39,'correct abs; fix steering damper; ','in progress'),('GC225MTL5DF831250','2019-06-28','2019-07-05','Toughzap',NULL,210.49,'fix deceleration system; fix cylinder head bolts; ','in progress'),('GC225MTL5DF831250','2019-07-24','2019-07-31','Toughzap',NULL,140.33,'fix nvh dampening system; reduce fuel consumption; ','pending'),('GC225MTL5DF831250','2019-08-27','2019-09-06','Zumgoity',NULL,70.16,'replace steering column lock; adjust traction control system; ','pending'),('GC225MTL5DF831250','2019-09-19','2019-09-19','Cancity',NULL,35.08,'add heated windshield; fix rear hvac; ','completed'),('GKTLIDKGMZ6109105','2019-03-13','2019-04-29','Fasehatice','13V228000',1462.36,'fix external temperature display; add knee airbags; ','completed'),('GKTLIDKGMZ6109105','2019-06-01','2019-06-08','Zumgoity',NULL,64.99,'replace ace filter; ','pending'),('GKTLIDKGMZ6109105','2019-06-10','2019-07-03','Cancity',NULL,324.97,'fix deceleration system; adjust accelerator pedal linkage; ','completed'),('GKTLIDKGMZ6109105','2019-07-31','2019-08-22','Rundofase',NULL,682.43,'change wheel cylinders; install intelligent alternator; ','pending'),('H0SVSC0X1W0660350','2019-02-03','2019-02-05','Zoomit','00V371000',158.6,'fix external temperature display; reduce fuel consumption; ','completed'),('H0SVSC0X1W0660350','2019-02-13','2019-02-14','Toughzap',NULL,158.6,'fix sunroof; fix ventilated seats; ','completed'),('H0SVSC0X1W0660350','2019-02-18','2019-02-18','Toughzap',NULL,79.3,'install vanity mirrors; repair shiftable automatic transmission; ','in progress'),('H0SVSC0X1W0660350','2019-02-19','2019-02-24','Fasehatice',NULL,396.5,'repair direct injection system; set up gyro sensor; ','completed'),('H0SVSC0X1W0660350','2019-02-25','2019-03-02','Zoomit',NULL,237.9,'repair seatbelt force limiters; change coolant; ','in progress'),('H0SVSC0X1W0660350','2019-03-04','2019-03-05','Fasehatice',NULL,158.6,'add knee airbags; install dusk-sensing headlights; ','pending'),('H0SVSC0X1W0660350','2019-03-10','2019-03-11','Zencorporation',NULL,79.3,'replace fuel filter; replace steering column lock; ','completed'),('H130KLLOZLY973998','2019-05-23','2019-05-23','Toughzap',NULL,16.12,'attach seat extension; adjust hybrid performance; ','completed'),('H7PM7E5LCY5894305','2019-01-06','2019-01-08','Zoomit','19V035000',25.78,'change memory settings of the onboard computer; reduce fuel consumption; ','completed'),('I6M6GMQGG7C407268','2019-04-06','2019-04-06','Zoomit',NULL,46.14,'install intelligent alternator; adjust hybrid performance; ','in progress'),('I6M6GMQGG7C407268','2019-04-07','2019-04-09','Zencorporation',NULL,138.41,'attach seat extension; attach spoiler; ','in progress'),('I6M6GMQGG7C407268','2019-04-13','2019-04-15','Cancity',NULL,92.27,'replace timing belt tensioner; install roof spoiler; ','pending'),('I7CVVBU08H1044370','2019-01-26','2019-04-20','Zoomit',NULL,17.42,'attach spoiler; set up satellite radio; ','completed'),('IB3FDW7VPTE357125','2019-01-28','2019-02-01','Cancity',NULL,18.86,'improve cylinder configuration; attach seat extension; ','completed'),('IB3FDW7VPTE357125','2019-02-03','2019-02-09','Rundofase','19V090000',37.72,'adjust hybrid performance; fix broken tow hooks; ','in progress'),('IB3FDW7VPTE357125','2019-02-26','2019-02-27','Rundofase',NULL,37.72,'adjust climate control; adjust low fuel warning indicator; ','completed'),('IB3FDW7VPTE357125','2019-03-02','2019-03-02','Rundofase','18V188000',18.86,'fix air filter restriction indicator; add knee airbags; ','in progress'),('IB3FDW7VPTE357125','2019-03-03','2019-03-04','Zumgoity',NULL,18.86,'fix rear hvac; install smoked glass; ','pending'),('IB3FDW7VPTE357125','2019-03-08','2019-03-25','Cancity',NULL,132.02,'install curtain airbags; install optional equipment; ','in progress'),('IB3FDW7VPTE357125','2019-03-26','2019-03-30','Rundofase','08V214000',56.58,'adjust accelerator pedal linkage; fix ventilated seats; ','pending'),('IHCVQSL87UO415387','2019-06-19','2019-06-20','Newex',NULL,59.79,'change purge valve; attach exterior camera; ','pending'),('IKUQE1AIER1879688','2019-03-27','2019-03-28','Fasehatice',NULL,15.28,'reduce fuel consumption; replace radiator hoses; ','completed'),('IKUQE1AIER1879688','2019-04-04','2019-04-06','Zumgoity',NULL,15.28,'change suspension fluid; adjust adaptive cruise control; ','completed'),('IKUQE1AIER1879688','2019-04-16','2019-04-16','Toughzap',NULL,15.28,'adjust climate control; upgrade navigation system; ','completed'),('IKUQE1AIER1879688','2019-04-18','2019-04-18','Rundofase','19V052000',15.28,'fix power activated release; repair cooled seats; ','pending'),('IKUQE1AIER1879688','2019-04-20','2019-04-24','Cancity',NULL,15.28,'fix external temperature display; replace tail lights; ','pending'),('IKUQE1AIER1879688','2019-04-25','2019-05-01','Zoomit',NULL,15.28,'set up gyro sensor; fix deceleration system; ','in progress'),('IKUQE1AIER1879688','2019-05-03','2019-05-07','Zencorporation',NULL,30.55,'install anti-theft alarm; reduce carbon footprint; ','pending'),('IOCT8QVK86C997015','2019-02-22','2019-03-03','Zoomit',NULL,141.32,'correct abs; replace radiator core & ac condenser; ','pending'),('IOCT8QVK86C997015','2019-03-26','2019-04-13','Cancity',NULL,753.71,'replace ace filter; install roof spoiler; ','completed'),('IOCT8QVK86C997015','2019-05-01','2019-05-23','Zencorporation',NULL,282.64,'set up satellite radio; install curtain airbags; ','pending'),('IOCT8QVK86C997015','2019-05-31','2019-06-20','Fasehatice',NULL,94.21,'adjust turn signals; adjust accelerator pedal linkage; ','completed'),('IOCT8QVK86C997015','2019-06-23','2019-07-10','Rundofase',NULL,659.5,'replace radiator core & ac condenser; change oil filter; ','pending'),('IOCT8QVK86C997015','2019-07-15','2019-07-30','Rundofase',NULL,94.21,'replace radiator hoses; ','pending'),('IOCT8QVK86C997015','2019-08-09','2019-09-03','Toughzap',NULL,376.86,'repair cooled seats; adjust reverse tilt mirrors; ','completed'),('JAH4TXSVFRZ937654','2019-05-28','2019-05-28','Newex',NULL,18.97,'make polarization coating; attach exterior camera; ','pending'),('JAH4TXSVFRZ937654','2019-05-29','2019-05-31','Cancity','14E007000',18.97,'change brake linings; change timing belt; ','in progress'),('JAH4TXSVFRZ937654','2019-06-01','2019-06-01','Zencorporation',NULL,18.97,'add knee airbags; adjust running boards; ','in progress'),('JAH4TXSVFRZ937654','2019-06-04','2019-06-05','Rundofase','19V188000',18.97,'replace timing belt tensioner; configure universal remote control; ','pending'),('JB6TJOH3G13545501','2019-06-08','2019-06-08','Cancity','17V545000',63.93,'replace serpentine belt; fix rear defroster; ','in progress'),('JB6TJOH3G13545501','2019-06-09','2019-06-09','Toughzap',NULL,63.93,'adjust low fuel warning indicator; adjust climate control; ','in progress'),('JB6TJOH3G13545501','2019-06-10','2019-06-10','Newex',NULL,63.93,'adjust ignition timing; set up satellite radio; ','completed'),('JB6TJOH3G13545501','2019-06-11','2019-06-11','Zumgoity',NULL,63.93,'adjust seat belts tension; set up auto-delay headlights; ','completed'),('JB6TJOH3G13545501','2019-06-14','2019-06-17','Rundofase',NULL,63.93,'replace crankcase ventilation filter; change brake linings; ','in progress'),('JB6TJOH3G13545501','2019-06-18','2019-06-18','Zoomit',NULL,63.93,'fix deceleration system; reduce blind spot; ','in progress'),('JB6TJOH3G13545501','2019-06-20','2019-06-20','Fasehatice',NULL,63.93,'change brake linings; adjust turn signals; ','completed'),('JVT2Q6U7HLH559100','2019-05-25','2019-05-26','Zoomit','19V148000',61.51,'change suspension fluid; reduce blind spot; ','completed'),('JVT2Q6U7HLH559100','2019-05-28','2019-06-04','Rundofase',NULL,246.04,'prevent fuel pump shutoff; replace crankcase ventilation filter; ','in progress'),('JVT2Q6U7HLH559100','2019-06-08','2019-06-08','Zumgoity','06V316000',30.76,'fix deceleration system; fix external temperature display; ','in progress'),('JVT2Q6U7HLH559100','2019-06-10','2019-06-18','Zoomit',NULL,123.02,'adjust ignition timing; replace steering column lock; ','in progress'),('JVT2Q6U7HLH559100','2019-06-19','2019-06-21','Rundofase','07V220000',30.76,'fix solar sunroof; replace brake pedal spring; ','pending'),('JVUFO2OOZH6501609','2019-02-24','2019-03-01','Fasehatice',NULL,167.91,'adjust adaptive cruise control; adjust seat belts tension; ','in progress'),('K23GQ1HYKID336715','2019-02-26','2019-03-04','Zoomit',NULL,154.42,'change timing belt; ','completed'),('K23GQ1HYKID336715','2019-03-08','2019-03-10','Toughzap',NULL,38.61,'install dusk-sensing headlights; set up satellite radio; ','completed'),('K23GQ1HYKID336715','2019-03-21','2019-03-22','Zumgoity',NULL,77.21,'replace radiator core & ac condenser; add knee airbags; ','pending'),('K23GQ1HYKID336715','2019-03-29','2019-03-29','Fasehatice',NULL,38.61,'replace crankcase ventilation filter; replace liftgate window; ','pending'),('K23GQ1HYKID336715','2019-03-31','2019-04-07','Zencorporation',NULL,115.82,'install separate rear audio; fix a-pillar; ','pending'),('K23GQ1HYKID336715','2019-04-12','2019-04-15','Zumgoity','08V217000',154.42,'repair shiftable automatic transmission; change purge valve; ','completed'),('K23GQ1HYKID336715','2019-04-21','2019-04-26','Zumgoity',NULL,154.42,'repair shiftable automatic transmission; fix rear hvac; ','in progress'),('K23GQ1HYKID336715','2019-04-28','2019-05-05','Cancity',NULL,115.82,'adjust running boards; adjust reverse tilt mirrors; ','pending'),('K5ZQ65X47KU986899','2019-05-04','2019-05-04','Newex',NULL,33.28,'replace diverter valve; configure universal remote control; ','in progress'),('K5ZQ65X47KU986899','2019-05-05','2019-05-09','Fasehatice',NULL,33.28,'attach seat extension; install smoked glass; ','in progress'),('K5ZQ65X47KU986899','2019-05-12','2019-05-14','Newex',NULL,33.28,'adjust reverse tilt mirrors; adjust turn signals; ','completed'),('K5ZQ65X47KU986899','2019-05-18','2019-05-21','Zoomit','08V108000',66.56,'install smoked glass; replace fuel filter; ','completed'),('K5ZQ65X47KU986899','2019-05-26','2019-06-03','Zencorporation',NULL,33.28,'adjust block heater; install vanity mirrors; ','pending'),('K5ZQ65X47KU986899','2019-06-07','2019-06-09','Zumgoity',NULL,99.84,'repair cooled seats; adjust turn signals; ','pending'),('K6NPKFWC2DG818634','2019-06-04','2019-06-09','Newex','11E022000',100.45,'fix external temperature display; ','pending'),('K6NPKFWC2DG818634','2019-06-10','2019-06-13','Zoomit',NULL,100.45,'improve cylinder configuration; upgrade navigation system; ','completed'),('K6NPKFWC2DG818634','2019-06-15','2019-06-18','Zencorporation',NULL,100.45,'improve engine performance; adjust climate control; ','pending'),('K6NPKFWC2DG818634','2019-06-20','2019-06-20','Zoomit',NULL,25.11,'repair cooled seats; install dusk-sensing headlights; ','in progress'),('K6NPKFWC2DG818634','2019-06-24','2019-06-25','Fasehatice',NULL,25.11,'attach exterior camera; adjust turn signals; ','pending'),('KG6S1KYGKY7383089','2019-06-26','2019-06-26','Rundofase',NULL,47.87,'adjust ignition timing; install smoked glass; ','pending'),('KIYTRMRZHSZ939929','2019-02-17','2019-03-20','Newex',NULL,366.73,'set up auto-delay headlights; ','pending'),('KIYTRMRZHSZ939929','2019-05-13','2019-05-29','Zoomit',NULL,628.68,'fix a-pillar; change speaker configuration; ','in progress'),('KSC5NS2WX0Q021711','2019-06-02','2019-06-08','Toughzap',NULL,146.18,'adjust regenerative braking; ','pending'),('KSC5NS2WX0Q021711','2019-06-12','2019-06-13','Toughzap',NULL,58.47,'replace fuel filter; replace steering column lock; ','in progress'),('KSC5NS2WX0Q021711','2019-07-20','2019-08-25','Newex',NULL,467.78,'replace fuel filter; replace stabilizer bar; ','in progress'),('KSC5NS2WX0Q021711','2019-08-30','2019-09-03','Toughzap',NULL,29.24,'fix deceleration system; reduce fuel consumption; ','completed'),('L075CLEGAGV332326','2019-05-12','2019-05-16','Fasehatice',NULL,43.81,'replace liftgate window; attach spoiler; ','completed'),('L075CLEGAGV332326','2019-05-17','2019-05-24','Rundofase',NULL,87.63,'adjust adaptive cruise control; adjust turn signals; ','completed'),('L075CLEGAGV332326','2019-05-26','2019-05-30','Cancity',NULL,58.42,'install dusk-sensing headlights; configure universal remote control; ','pending'),('L075CLEGAGV332326','2019-06-01','2019-06-11','Fasehatice',NULL,131.44,'reconfigure service reminder light; change brake linings; ','completed'),('L2G40AKW0DV261314','2019-01-09','2019-01-18','Cancity',NULL,235.7,'reduce carbon footprint; adjust retractable mirrors; ','in progress'),('L2G40AKW0DV261314','2019-01-25','2019-02-14','Zoomit',NULL,117.85,'adjust running boards; replace catalytic converter; ','pending'),('L2G40AKW0DV261314','2019-02-27','2019-03-09','Zumgoity',NULL,117.85,'replace diverter valve; change memory settings of the onboard computer; ','completed'),('L2G40AKW0DV261314','2019-03-13','2019-03-18','Newex',NULL,157.13,'add knee airbags; refurbish power steering; ','pending'),('L2G40AKW0DV261314','2019-04-24','2019-04-29','Zumgoity','14V435000',235.7,'replace crankcase ventilation filter; replace radiator core & ac condenser; ','in progress'),('L2G40AKW0DV261314','2019-05-06','2019-05-24','Fasehatice','10V426000',117.85,'adjust seat belts tension; ','in progress'),('L2G40AKW0DV261314','2019-05-25','2019-06-13','Zencorporation',NULL,117.85,'repair shiftable automatic transmission; change brake linings; ','pending'),('L8CKHAJ376Q732997','2019-04-26','2019-04-26','Cancity',NULL,32.57,'change speaker configuration; ','completed'),('L8CKHAJ376Q732997','2019-04-27','2019-04-27','Zoomit',NULL,32.57,'install dusk-sensing headlights; configure audio remote control; ','completed'),('L8CKHAJ376Q732997','2019-04-28','2019-04-28','Fasehatice','10V309000',32.57,'replace tail lights; set up auto-delay headlights; ','in progress'),('L8CKHAJ376Q732997','2019-04-29','2019-04-30','Zoomit',NULL,32.57,'install roof spoiler; change pcv filter/pcv valve; ','pending'),('LAW66TO51NY340329','2019-02-21','2019-02-28','Zencorporation',NULL,14.56,'fix nvh dampening system; make polarization coating; ','pending'),('LAW66TO51NY340329','2019-03-01','2019-03-02','Rundofase','18V042000',14.56,'fix power activated release; ','in progress'),('LAW66TO51NY340329','2019-03-05','2019-03-05','Zumgoity',NULL,14.56,'replace serpentine belt; install separate rear audio; ','in progress'),('LAW66TO51NY340329','2019-03-10','2019-03-12','Toughzap',NULL,14.56,'change oil filter; adjust climate control; ','completed'),('LAW66TO51NY340329','2019-03-17','2019-03-18','Zoomit',NULL,14.56,'change air conditioner refrigerant; change timing belt; ','completed'),('LAW66TO51NY340329','2019-03-22','2019-03-23','Fasehatice','14E012000',14.56,'repair shiftable automatic transmission; install vanity mirrors; ','pending'),('LAW66TO51NY340329','2019-03-24','2019-03-27','Cancity','09E025000',43.68,'fix deceleration system; install intelligent alternator; ','pending'),('LAW66TO51NY340329','2019-03-29','2019-03-30','Zencorporation',NULL,29.12,'replace crankcase ventilation filter; improve engine performance; ','pending'),('LEWHC17RSR2225266','2019-05-08','2019-05-13','Zumgoity',NULL,57.04,'install smoked glass; improve engine performance; ','completed'),('LEWHC17RSR2225266','2019-05-14','2019-05-19','Toughzap','16V183000',22.82,'repair seatbelt force limiters; ','in progress'),('LEWHC17RSR2225266','2019-05-23','2019-05-27','Toughzap',NULL,57.04,'attach spoiler; adjust regenerative braking; ','in progress'),('LEWHC17RSR2225266','2019-05-29','2019-06-03','Rundofase',NULL,34.22,'attach exterior camera; replace diverter valve; ','in progress'),('LEWHC17RSR2225266','2019-06-09','2019-06-10','Cancity','98V322000',11.41,'attach seat extension; upgrade navigation system; ','completed'),('LEWHC17RSR2225266','2019-06-14','2019-06-22','Fasehatice',NULL,91.26,'attach spoiler; change brake linings; ','completed'),('LEWHC17RSR2225266','2019-06-27','2019-06-27','Rundofase',NULL,11.41,'repair seatbelt force limiters; configure audio remote control; ','completed'),('LMC0DXV2F72475134','2019-03-10','2019-03-13','Fasehatice',NULL,99.18,'reduce fuel consumption; change air conditioner refrigerant; ','in progress'),('LMC0DXV2F72475134','2019-05-19','2019-06-10','Zumgoity',NULL,694.26,'reduce fuel consumption; fix solar sunroof; ','completed'),('LN7ZMWGACVJ434473','2019-05-06','2019-05-12','Rundofase',NULL,14.97,'set up auto-delay headlights; upgrade navigation system; ','in progress'),('LN7ZMWGACVJ434473','2019-05-23','2019-06-26','Rundofase',NULL,344.22,'replace crankcase ventilation filter; install turbocharger; ','completed'),('LN7ZMWGACVJ434473','2019-06-30','2019-07-02','Rundofase','08V344000',44.9,'change timing belt; ','completed'),('LN7ZMWGACVJ434473','2019-07-14','2019-07-17','Zoomit',NULL,44.9,'prevent fuel pump shutoff; set up auto-delay headlights; ','pending'),('LN7ZMWGACVJ434473','2019-07-26','2019-07-27','Zoomit',NULL,29.93,'adjust running boards; reduce blind spot; ','pending'),('LN7ZMWGACVJ434473','2019-08-18','2019-08-20','Zumgoity',NULL,44.9,'reconfigure service reminder light; reconfigure service reminder light; ','in progress'),('LN7ZMWGACVJ434473','2019-09-01','2019-09-04','Zoomit','13V248000',44.9,'improve cylinder configuration; install optional equipment; ','completed'),('LN7ZMWGACVJ434473','2019-09-06','2019-09-09','Newex',NULL,44.9,'change pcv filter/pcv valve; ','completed'),('LN7ZMWGACVJ434473','2019-09-14','2019-09-18','Toughzap',NULL,74.83,'fix rear defroster; change oil filter; ','pending'),('LXLYHOV4G1Z722469','2019-04-24','2019-04-24','Zoomit',NULL,11.2,'replace ace filter; replace diverter valve; ','pending'),('LXLYHOV4G1Z722469','2019-04-25','2019-04-25','Zumgoity','05V103000',11.2,'replace radiator hoses; replace water pump; ','pending'),('LXLYHOV4G1Z722469','2019-04-26','2019-04-27','Zoomit',NULL,22.39,'change oil filter; replace crankcase ventilation filter; ','in progress'),('LXLYHOV4G1Z722469','2019-04-28','2019-04-29','Fasehatice',NULL,11.2,'repair direct injection system; remove oversteer; ','completed'),('M58W6OQD1J3561088','2019-06-01','2019-06-02','Toughzap',NULL,84.27,'replace timing belt tensioner; change oil filter; ','completed'),('M58W6OQD1J3561088','2019-06-03','2019-06-03','Zencorporation',NULL,84.27,'fix a-pillar; change air conditioner refrigerant; ','in progress'),('M58W6OQD1J3561088','2019-06-04','2019-06-04','Toughzap',NULL,84.27,'install optional equipment; install intelligent alternator; ','in progress'),('M58W6OQD1J3561088','2019-06-07','2019-06-07','Cancity',NULL,84.27,'replace crankcase ventilation filter; install smoked glass; ','in progress'),('M6J2KWLLUKW587077','2019-05-12','2019-06-03','Zoomit','16V580000',452.68,'replace liftgate window; fix ventilated seats; ','pending'),('M6J2KWLLUKW587077','2019-06-23','2019-06-24','Zumgoity','13V113000',90.54,'fix a-pillar; repair seatbelt force limiters; ','in progress'),('MBKMABQOONK563483','2019-05-05','2019-05-07','Zoomit',NULL,19.02,'replace timing belt tensioner; adjust turn signals; ','pending'),('MBKMABQOONK563483','2019-05-09','2019-05-15','Zencorporation',NULL,76.08,'install parking sensors; fix broken tow hooks; ','in progress'),('MBKMABQOONK563483','2019-05-22','2019-05-24','Zencorporation','18V907000',57.06,'attach exterior camera; ','completed'),('MBKMABQOONK563483','2019-05-29','2019-05-30','Zoomit',NULL,19.02,'adjust turn signals; install anti-theft alarm; ','pending'),('MT0OEZQ7C5Q035531','2019-05-05','2019-05-08','Cancity',NULL,26.15,'replace liftgate window; install separate rear audio; ','in progress'),('MT0OEZQ7C5Q035531','2019-06-03','2019-07-15','Zumgoity',NULL,523,'install intelligent alternator; change coolant; ','pending'),('MT0OEZQ7C5Q035531','2019-07-22','2019-07-24','Fasehatice','15V846000',39.22,'install anti-theft alarm; add knee airbags; ','in progress'),('MT0OEZQ7C5Q035531','2019-07-26','2019-07-27','Rundofase',NULL,13.07,'change brake linings; adjust turn signals; ','in progress'),('MT0OEZQ7C5Q035531','2019-07-29','2019-08-07','Fasehatice','15V846000',130.75,'reduce carbon footprint; change speaker configuration; ','in progress'),('MT0OEZQ7C5Q035531','2019-08-23','2019-08-26','Newex',NULL,13.07,'install dusk-sensing headlights; fix air filter restriction indicator; ','completed'),('MT0OEZQ7C5Q035531','2019-09-02','2019-09-21','Zoomit',NULL,156.9,'install intelligent alternator; replace diverter valve; ','pending'),('MT0OEZQ7C5Q035531','2019-09-23','2019-09-25','Cancity',NULL,39.22,'change speaker configuration; change oil filter; ','in progress'),('MW6HGX7M6O4186962','2019-01-25','2019-01-27','Fasehatice',NULL,102.78,'change brake linings; install curtain airbags; ','pending'),('MW6HGX7M6O4186962','2019-02-01','2019-02-02','Rundofase','17V389000',68.52,'attach seat extension; reduce blind spot; ','pending'),('MW6HGX7M6O4186962','2019-02-04','2019-02-10','Rundofase',NULL,205.57,'install dusk-sensing headlights; repair direct injection system; ','completed'),('MW6HGX7M6O4186962','2019-02-14','2019-02-17','Zencorporation',NULL,137.05,'fix nvh dampening system; fix steering damper; ','in progress'),('MW6HGX7M6O4186962','2019-02-19','2019-02-21','Zencorporation',NULL,68.52,'adjust adaptive cruise control; install optional equipment; ','completed'),('MW6HGX7M6O4186962','2019-02-24','2019-03-01','Newex','14V753000',68.52,'install dusk-sensing headlights; adjust ignition timing; ','in progress'),('MW6HGX7M6O4186962','2019-03-03','2019-03-06','Fasehatice',NULL,34.26,'replace ace filter; replace serpentine belt; ','pending'),('MW7W375RHHU707116','2019-05-27','2019-06-03','Toughzap',NULL,138.41,'add heated windshield; replace radiator core & ac condenser; ','pending'),('MW7W375RHHU707116','2019-06-07','2019-06-12','Rundofase',NULL,92.27,'replace radiator core & ac condenser; adjust block heater; ','pending'),('MXF3EGT2PAG490479','2019-03-20','2019-03-29','Newex',NULL,70.01,'replace water pump; add heated windshield; ','in progress'),('MXF3EGT2PAG490479','2019-04-05','2019-04-16','Zumgoity','09E025000',46.67,'adjust retractable mirrors; repair direct injection system; ','pending'),('MXF3EGT2PAG490479','2019-05-01','2019-05-05','Fasehatice',NULL,93.35,'install roof spoiler; install smoked glass; ','in progress'),('MXF3EGT2PAG490479','2019-05-10','2019-05-14','Fasehatice','19V008000',46.67,'install anti-theft alarm; improve engine performance; ','completed'),('MXF3EGT2PAG490479','2019-05-17','2019-05-22','Zoomit',NULL,116.68,'fix sunroof; install on-board diagnosis system; ','pending'),('MYX14D30CZI581341','2019-07-01','2019-07-01','Cancity',NULL,34.77,'fix cylinder head bolts; install smoked glass; ','completed'),('MYX14D30CZI581341','2019-07-06','2019-07-12','Zencorporation',NULL,173.83,'check drive axle boots; ','completed'),('MYX14D30CZI581341','2019-08-09','2019-08-23','Zoomit',NULL,173.83,'reduce fuel consumption; repair direct injection system; ','in progress'),('MYX14D30CZI581341','2019-09-03','2019-09-09','Cancity',NULL,243.36,'replace brake pedal spring; replace timing belt tensioner; ','in progress'),('MYX14D30CZI581341','2019-09-14','2019-09-16','Fasehatice','13V450000',34.77,'change oil filter; adjust traction control system; ','in progress'),('MYX14D30CZI581341','2019-09-17','2019-09-17','Zencorporation',NULL,34.77,'fix air filter restriction indicator; replace steering column lock; ','pending'),('NNLD761PGMY686484','2019-03-15','2019-03-16','Zencorporation','08V137000',57.85,'replace stabilizer bar; install smoked glass; ','completed'),('NNLD761PGMY686484','2019-03-18','2019-03-19','Zencorporation','11V330000',57.85,'adjust traction control system; ','completed'),('NNLD761PGMY686484','2019-03-20','2019-03-23','Toughzap','09V357000',115.69,'correct abs; replace catalytic converter; ','completed'),('NNLD761PGMY686484','2019-03-24','2019-03-27','Zumgoity',NULL,115.69,'repair direct injection system; change brake linings; ','completed'),('NNLD761PGMY686484','2019-03-30','2019-03-31','Zencorporation','15V586000',28.92,'fix sunroof; replace radiator hoses; ','in progress'),('NNLD761PGMY686484','2019-04-01','2019-04-04','Cancity',NULL,28.92,'refurbish power steering; change coolant; ','in progress'),('NQC3ODNRG8W618383','2019-04-19','2019-05-03','Newex',NULL,563.76,'adjust retractable mirrors; attach exterior camera; ','pending'),('NQC3ODNRG8W618383','2019-05-25','2019-06-12','Cancity','00V157002',507.39,'replace brake pedal spring; change coolant; ','pending'),('NQC3ODNRG8W618383','2019-06-20','2019-06-24','Zoomit',NULL,56.38,'replace brake pedal spring; change timing belt; ','pending'),('NQC3ODNRG8W618383','2019-07-21','2019-07-26','Rundofase',NULL,338.26,'upgrade navigation system; improve engine performance; ','pending'),('NQC3ODNRG8W618383','2019-07-29','2019-08-03','Newex',NULL,112.75,'improve cylinder configuration; replace serpentine belt; ','in progress'),('NQC3ODNRG8W618383','2019-08-17','2019-08-19','Zoomit',NULL,112.75,'change timing belt; replace catalytic converter; ','pending'),('NQC3ODNRG8W618383','2019-08-25','2019-08-28','Cancity',NULL,169.13,'adjust adaptive cruise control; replace timing belt tensioner; ','pending'),('NQC3ODNRG8W618383','2019-09-19','2019-09-26','Zoomit','17V024000',56.38,'adjust climate control; install anti-theft alarm; ','in progress'),('NVDV1HTYNUU168147','2019-05-05','2019-05-10','Newex',NULL,55.34,'replace catalytic converter; ','in progress'),('NVDV1HTYNUU168147','2019-05-15','2019-05-23','Toughzap',NULL,110.68,'install vanity mirrors; refurbish power steering; ','in progress'),('OOXPL1JMKRX336822','2019-03-05','2019-03-05','Fasehatice',NULL,37.89,'fix cylinder head bolts; adjust reverse tilt mirrors; ','pending'),('OOXPL1JMKRX336822','2019-03-14','2019-04-04','Newex',NULL,75.78,'adjust seat belts tension; repair direct injection system; ','in progress'),('OOXPL1JMKRX336822','2019-04-05','2019-04-06','Toughzap',NULL,75.78,'fix nvh dampening system; add knee airbags; ','completed'),('OOXPL1JMKRX336822','2019-05-22','2019-05-22','Toughzap',NULL,37.89,'improve cylinder configuration; replace water pump; ','in progress'),('OUIFCWSPPHR650293','2019-05-31','2019-06-12','Cancity','15V629000',51.26,'replace radiator hoses; repair seatbelt force limiters; ','in progress'),('OUIFCWSPPHR650293','2019-06-13','2019-07-05','Rundofase',NULL,435.69,'reduce blind spot; replace stabilizer bar; ','completed'),('OUIFCWSPPHR650293','2019-07-07','2019-07-21','Fasehatice',NULL,333.18,'adjust accelerator pedal linkage; change suspension fluid; ','completed'),('OUIFCWSPPHR650293','2019-07-29','2019-08-02','Zumgoity',NULL,76.89,'repair shiftable automatic transmission; improve engine performance; ','in progress'),('OUIFCWSPPHR650293','2019-08-09','2019-08-22','Zoomit',NULL,25.63,'repair direct injection system; replace liftgate window; ','completed'),('OUIFCWSPPHR650293','2019-08-24','2019-09-05','Toughzap',NULL,179.4,'upgrade navigation system; attach spoiler; ','pending'),('OUXQFNQE2K7274854','2019-05-06','2019-05-09','Zoomit',NULL,216.88,'correct abs; install smoked glass; ','in progress'),('OUXQFNQE2K7274854','2019-05-10','2019-05-16','Toughzap','17V328000',271.1,'adjust traction control system; adjust retractable mirrors; ','completed'),('OUXQFNQE2K7274854','2019-05-19','2019-05-22','Rundofase',NULL,216.88,'fix nvh dampening system; fix air filter restriction indicator; ','in progress'),('OUXQFNQE2K7274854','2019-05-29','2019-05-30','Rundofase',NULL,54.22,'fix solar sunroof; install intelligent alternator; ','pending'),('P7UUVOVKPTD080947','2019-06-25','2019-06-28','Fasehatice',NULL,19.23,'configure audio remote control; change timing belt; ','pending'),('P7UUVOVKPTD080947','2019-07-20','2019-07-25','Cancity',NULL,57.68,'attach spoiler; ','in progress'),('P7UUVOVKPTD080947','2019-08-08','2019-08-14','Zencorporation',NULL,134.6,'adjust low fuel warning indicator; fix rear defroster; ','in progress'),('PC02G0A675B935953','2019-06-02','2019-06-05','Newex',NULL,184.14,'replace radiator core & ac condenser; change pcv filter/pcv valve; ','in progress'),('PC02G0A675B935953','2019-06-06','2019-06-08','Newex','18V047000',46.03,'attach exterior camera; repair seatbelt force limiters; ','pending'),('PEXVHDHEYM7282767','2019-04-30','2019-05-01','Zoomit',NULL,41.32,'attach seat extension; install dusk-sensing headlights; ','pending'),('PEXVHDHEYM7282767','2019-05-03','2019-05-04','Cancity','15V846000',20.66,'add heated windshield; adjust retractable mirrors; ','pending'),('PEXVHDHEYM7282767','2019-05-06','2019-05-07','Rundofase',NULL,20.66,'fix nvh dampening system; adjust seat belts tension; ','completed'),('PEXVHDHEYM7282767','2019-05-14','2019-05-22','Toughzap',NULL,123.95,'install turbocharger; reconfigure service reminder light; ','in progress'),('PEXVHDHEYM7282767','2019-05-23','2019-06-05','Zumgoity',NULL,103.3,'repair seatbelt force limiters; adjust running boards; ','completed'),('PHTKITC5C1H921363','2019-06-27','2019-06-29','Newex','19V006000',22.05,'adjust turn signals; reduce fuel consumption; ','completed'),('PHTKITC5C1H921363','2019-07-09','2019-07-11','Zumgoity',NULL,44.1,'install roof spoiler; reduce blind spot; ','in progress'),('PHTKITC5C1H921363','2019-07-17','2019-08-13','Rundofase',NULL,573.26,'change steering rack; ','in progress'),('PHTKITC5C1H921363','2019-08-15','2019-08-29','Fasehatice',NULL,66.14,'install turbocharger; ','completed'),('PUVTYE6IVGN271318','2019-05-06','2019-05-06','Newex','14V753000',20.66,'correct abs; install separate rear audio; ','in progress'),('PUVTYE6IVGN271318','2019-05-08','2019-05-09','Toughzap',NULL,41.32,'replace diverter valve; set up auto-delay headlights; ','pending'),('PUVTYE6IVGN271318','2019-05-12','2019-05-16','Fasehatice','15V846000',61.98,'change oil filter; reduce carbon footprint; ','in progress'),('PUVTYE6IVGN271318','2019-05-17','2019-05-19','Zoomit','15V846000',20.66,'change speaker configuration; change steering rack; ','in progress'),('PUVTYE6IVGN271318','2019-05-22','2019-05-25','Newex',NULL,20.66,'adjust regenerative braking; ','completed'),('QHUYKEFC12W678012','2019-05-16','2019-05-16','Zoomit','14V010000',13.07,'fix rear hvac; fix deceleration system; ','in progress'),('QHUYKEFC12W678012','2019-05-17','2019-05-17','Newex','17V389000',13.07,'fix steering damper; improve engine performance; ','completed'),('QHUYKEFC12W678012','2019-05-18','2019-05-18','Rundofase',NULL,13.07,'make polarization coating; install anti-theft alarm; ','pending'),('QHUYKEFC12W678012','2019-05-19','2019-05-19','Zumgoity',NULL,13.07,'replace crankcase ventilation filter; fix deceleration system; ','pending'),('QNGJBXZ0ZPN690169','2019-01-14','2019-01-18','Zoomit','06V445000',51.26,'install curtain airbags; install smoked glass; ','in progress'),('QNGJBXZ0ZPN690169','2019-01-29','2019-01-29','Fasehatice','17V359000',25.63,'replace crankcase ventilation filter; change suspension fluid; ','completed'),('QNGJBXZ0ZPN690169','2019-01-30','2019-02-18','Zoomit',NULL,486.95,'adjust retractable mirrors; adjust ignition timing; ','completed'),('QNGJBXZ0ZPN690169','2019-02-23','2019-03-01','Zencorporation',NULL,128.15,'improve cylinder configuration; ','completed'),('QNGJBXZ0ZPN690169','2019-03-13','2019-03-17','Fasehatice',NULL,102.52,'fix ventilated seats; ','pending'),('R56SEOUUT0R265399','2019-06-28','2019-06-28','Zoomit',NULL,26.47,'adjust adaptive cruise control; replace tail lights; ','in progress'),('RUAW8E8S2SA826885','2019-05-17','2019-05-17','Zumgoity','05V555000',17.87,'fix nvh dampening system; install vanity mirrors; ','in progress'),('RUAW8E8S2SA826885','2019-05-18','2019-05-19','Cancity',NULL,17.87,'adjust hybrid performance; correct abs; ','completed'),('RUAW8E8S2SA826885','2019-05-21','2019-05-27','Zumgoity','16V029000',125.12,'set up auto-delay headlights; replace serpentine belt; ','in progress'),('RUAW8E8S2SA826885','2019-05-29','2019-06-01','Cancity',NULL,53.62,'adjust seat belts tension; install parking sensors; ','completed'),('RUAW8E8S2SA826885','2019-06-02','2019-06-04','Cancity','13V094000',53.62,'fix power activated release; replace crankcase ventilation filter; ','pending'),('RUAW8E8S2SA826885','2019-06-09','2019-06-10','Zoomit',NULL,35.75,'change timing belt; configure universal remote control; ','pending'),('RUAW8E8S2SA826885','2019-06-11','2019-06-12','Rundofase',NULL,35.75,'replace ace filter; ','pending'),('RZ64Q4VF3EC682670','2019-01-19','2019-01-19','Zoomit',NULL,47.64,'install smoked glass; adjust low fuel warning indicator; ','in progress'),('RZ64Q4VF3EC682670','2019-01-22','2019-01-28','Fasehatice',NULL,333.51,'adjust traction control system; adjust retractable mirrors; ','pending'),('S7OOZE7TI6U419267','2019-05-19','2019-05-19','Fasehatice',NULL,16.86,'change speaker configuration; replace steering column lock; ','pending'),('S7OOZE7TI6U419267','2019-05-20','2019-05-21','Fasehatice',NULL,33.71,'set up auto-delay headlights; add heated windshield; ','completed'),('S7OOZE7TI6U419267','2019-05-22','2019-05-22','Fasehatice',NULL,16.86,'change oil filter; adjust hybrid performance; ','in progress'),('SEXWGCZNLS4439650','2019-04-23','2019-04-23','Toughzap','08V217000',17.01,'attach spoiler; adjust ignition timing; ','pending'),('SEXWGCZNLS4439650','2019-05-03','2019-05-09','Zencorporation',NULL,51.03,'replace radiator core & ac condenser; ','in progress'),('SGEAZM7OHRE981138','2019-01-08','2019-02-02','Cancity',NULL,163.11,'replace water pump; change steering rack; ','in progress'),('SGEAZM7OHRE981138','2019-02-06','2019-02-18','Toughzap',NULL,177.94,'check drive axle boots; install turbocharger; ','in progress'),('SGEAZM7OHRE981138','2019-03-06','2019-03-07','Zumgoity','18V229000',14.83,'change purge valve; ','pending'),('SGEAZM7OHRE981138','2019-03-12','2019-04-04','Zencorporation',NULL,59.31,'replace serpentine belt; fix broken tow hooks; ','in progress'),('SGEAZM7OHRE981138','2019-05-31','2019-06-20','Rundofase',NULL,74.14,'make polarization coating; change speaker configuration; ','in progress'),('SGEAZM7OHRE981138','2019-06-26','2019-07-11','Cancity','18V082000',148.28,'configure audio remote control; replace steering column lock; ','in progress'),('SGEAZM7OHRE981138','2019-07-12','2019-08-05','Zoomit',NULL,118.63,'fix air filter restriction indicator; ','completed'),('SGEAZM7OHRE981138','2019-09-13','2019-09-19','Newex',NULL,103.8,'change brake linings; fix solar sunroof; ','pending'),('SJV51DZQ416158315','2019-03-20','2019-03-28','Cancity',NULL,167.91,'attach spoiler; improve cylinder configuration; ','in progress'),('SJV51DZQ416158315','2019-04-28','2019-05-03','Zumgoity',NULL,41.98,'replace water pump; repair seatbelt force limiters; ','completed'),('SJV51DZQ416158315','2019-05-17','2019-06-07','Fasehatice',NULL,755.6,'install intelligent alternator; replace water pump; ','completed'),('SJV51DZQ416158315','2019-06-25','2019-06-26','Zoomit',NULL,83.96,'configure audio remote control; adjust low fuel warning indicator; ','completed'),('SJV51DZQ416158315','2019-07-15','2019-08-03','Newex',NULL,167.91,'install active pedestrian protection system; replace catalytic converter; ','completed'),('SJV51DZQ416158315','2019-08-21','2019-09-08','Newex',NULL,41.98,'fix rear hvac; change memory settings of the onboard computer; ','completed'),('SROKG0OMKKQ394333','2019-05-31','2019-06-02','Cancity','09V091000',187.44,'upgrade navigation system; install parking sensors; ','pending'),('SROKG0OMKKQ394333','2019-06-13','2019-06-13','Zencorporation',NULL,62.48,'replace crankcase ventilation filter; adjust adaptive cruise control; ','completed'),('SROKG0OMKKQ394333','2019-06-18','2019-06-21','Fasehatice','02V253000',249.91,'set up auto-delay headlights; replace radiator core & ac condenser; ','in progress'),('SWME2EZ3HDD006687','2019-05-26','2019-05-26','Fasehatice',NULL,24.43,'adjust climate control; change air conditioner refrigerant; ','completed'),('SWME2EZ3HDD006687','2019-06-03','2019-06-06','Cancity',NULL,73.3,'fix power activated release; install on-board diagnosis system; ','in progress'),('SWME2EZ3HDD006687','2019-06-07','2019-06-09','Zumgoity',NULL,48.87,'change purge valve; make polarization coating; ','in progress'),('SWME2EZ3HDD006687','2019-06-15','2019-06-17','Cancity',NULL,73.3,'configure universal remote control; configure universal remote control; ','completed'),('SX73Y7QKKQF628146','2019-02-15','2019-02-17','Toughzap',NULL,34.84,'adjust retractable mirrors; fix ventilated seats; ','pending'),('SX73Y7QKKQF628146','2019-02-19','2019-02-20','Rundofase',NULL,34.84,'repair seatbelt force limiters; fix external temperature display; ','pending'),('SX73Y7QKKQF628146','2019-02-23','2019-02-23','Cancity',NULL,17.42,'adjust turn signals; change speaker configuration; ','pending'),('SX73Y7QKKQF628146','2019-02-24','2019-02-24','Cancity',NULL,17.42,'reconfigure service reminder light; adjust adaptive cruise control; ','completed'),('SX73Y7QKKQF628146','2019-02-25','2019-02-26','Zoomit',NULL,17.42,'adjust accelerator pedal linkage; ','completed'),('SX73Y7QKKQF628146','2019-02-28','2019-03-01','Zumgoity',NULL,17.42,'prevent fuel pump shutoff; fix broken tow hooks; ','in progress'),('SX73Y7QKKQF628146','2019-03-02','2019-03-02','Rundofase',NULL,17.42,'change air conditioner refrigerant; adjust retractable mirrors; ','in progress'),('SZAJTDBI6IL561669','2019-06-12','2019-06-15','Newex','19V148000',40.43,'replace radiator core & ac condenser; refurbish power steering; ','completed'),('SZAJTDBI6IL561669','2019-06-16','2019-06-17','Toughzap',NULL,80.87,'adjust traction control system; install parking sensors; ','pending'),('SZAJTDBI6IL561669','2019-06-18','2019-06-19','Zumgoity',NULL,80.87,'change brake linings; ','pending'),('SZAJTDBI6IL561669','2019-06-23','2019-06-23','Newex',NULL,40.43,'replace diverter valve; check drive axle boots; ','in progress'),('SZAJTDBI6IL561669','2019-06-24','2019-06-27','Zencorporation',NULL,121.3,'install separate rear audio; install optional equipment; ','completed'),('TD5OFRN1LC8601752','2019-06-29','2019-06-29','Rundofase',NULL,31.81,'replace brake pedal spring; change brake linings; ','in progress'),('U0PQOVOJXT2453885','2019-04-25','2019-04-27','Zencorporation',NULL,52.57,'reconfigure service reminder light; add knee airbags; ','pending'),('U0PQOVOJXT2453885','2019-04-29','2019-04-29','Zencorporation',NULL,26.28,'adjust seat belts tension; adjust block heater; ','in progress'),('U0PQOVOJXT2453885','2019-04-30','2019-05-01','Zumgoity','05V574000',26.28,'repair shiftable automatic transmission; change wheel cylinders; ','in progress'),('U0PQOVOJXT2453885','2019-05-02','2019-05-02','Zencorporation',NULL,26.28,'adjust low fuel warning indicator; replace ace filter; ','in progress'),('U3HSV2KCE0Y319532','2019-06-25','2019-06-30','Zencorporation',NULL,243.98,'attach seat extension; install optional equipment; ','pending'),('U3HSV2KCE0Y319532','2019-07-27','2019-08-07','Fasehatice','14V743000',390.37,'repair direct injection system; adjust low fuel warning indicator; ','in progress'),('U3HSV2KCE0Y319532','2019-08-09','2019-08-11','Zoomit',NULL,146.39,'adjust climate control; repair cooled seats; ','completed'),('U3HSV2KCE0Y319532','2019-08-14','2019-08-18','Newex',NULL,146.39,'set up auto-delay headlights; change speaker configuration; ','in progress'),('U3HSV2KCE0Y319532','2019-09-01','2019-09-10','Zoomit',NULL,146.39,'replace liftgate window; fix broken tow hooks; ','completed'),('U3HSV2KCE0Y319532','2019-09-26','2019-09-26','Fasehatice','09E012000',48.8,'adjust hybrid performance; install dusk-sensing headlights; ','in progress'),('UEHE08QS622862172','2019-01-27','2019-02-12','Cancity',NULL,17.42,'add knee airbags; adjust low fuel warning indicator; ','pending'),('UVVEV0Y7R3V483738','2019-05-11','2019-05-11','Toughzap',NULL,26.28,'change purge valve; set up gyro sensor; ','pending'),('V4JVFR4YRS7140562','2019-02-20','2019-03-14','Toughzap',NULL,715.07,'change pcv filter/pcv valve; set up auto-delay headlights; ','pending'),('V4JVFR4YRS7140562','2019-03-24','2019-04-10','Rundofase',NULL,178.77,'add knee airbags; adjust climate control; ','in progress'),('V4JVFR4YRS7140562','2019-05-08','2019-05-21','Newex','08V156000',312.84,'change coolant; fix rear hvac; ','in progress'),('V4JVFR4YRS7140562','2019-05-31','2019-06-03','Cancity','15V483000',134.08,'change steering rack; configure audio remote control; ','pending'),('VP0U4FNOL1Q272112','2019-02-16','2019-02-23','Rundofase',NULL,166.85,'change memory settings of the onboard computer; correct abs; ','in progress'),('VP0U4FNOL1Q272112','2019-02-25','2019-02-26','Zumgoity',NULL,66.74,'replace crankcase ventilation filter; install intelligent alternator; ','pending'),('VP0U4FNOL1Q272112','2019-02-27','2019-02-28','Toughzap','08V016000',66.74,'change speaker configuration; attach spoiler; ','completed'),('VP0U4FNOL1Q272112','2019-03-03','2019-03-05','Newex','05V248000',66.74,'fix steering damper; make polarization coating; ','completed'),('VP0U4FNOL1Q272112','2019-03-11','2019-03-12','Fasehatice',NULL,66.74,'add knee airbags; fix broken tow hooks; ','pending'),('VP0U4FNOL1Q272112','2019-03-21','2019-03-25','Fasehatice',NULL,33.37,'install separate rear audio; install roof spoiler; ','completed'),('VP0U4FNOL1Q272112','2019-04-05','2019-04-15','Rundofase',NULL,133.48,'prevent fuel pump shutoff; change purge valve; ','completed'),('VP0U4FNOL1Q272112','2019-04-18','2019-04-24','Zencorporation','05V222000',133.48,'replace ace filter; install roof spoiler; ','pending'),('VP0U4FNOL1Q272112','2019-04-25','2019-04-27','Fasehatice',NULL,33.37,'install intelligent alternator; ','completed'),('VROU7UEWYWK097688','2019-01-02','2019-01-03','Rundofase',NULL,58.17,'adjust block heater; replace brake pedal spring; ','completed'),('VROU7UEWYWK097688','2019-01-06','2019-01-06','Rundofase',NULL,29.08,'repair direct injection system; fix cylinder head bolts; ','pending'),('VROU7UEWYWK097688','2019-01-08','2019-01-08','Toughzap',NULL,29.08,'adjust adaptive cruise control; add knee airbags; ','completed'),('VROU7UEWYWK097688','2019-01-09','2019-01-10','Newex','14V624000',58.17,'change suspension fluid; replace catalytic converter; ','completed'),('VROU7UEWYWK097688','2019-01-13','2019-01-13','Zencorporation',NULL,29.08,'adjust accelerator pedal linkage; ','in progress'),('VROU7UEWYWK097688','2019-01-14','2019-01-17','Zoomit',NULL,29.08,'configure universal remote control; adjust turn signals; ','pending'),('VSGK3RYW2TC911641','2019-01-26','2019-02-28','Fasehatice',NULL,340.05,'change oil filter; repair shiftable automatic transmission; ','pending'),('VSGK3RYW2TC911641','2019-03-04','2019-03-11','Zencorporation','02V238000',45.34,'adjust traction control system; replace tail lights; ','in progress'),('VSGK3RYW2TC911641','2019-03-14','2019-03-21','Zumgoity',NULL,90.68,'add heated windshield; fix broken tow hooks; ','in progress'),('VSGK3RYW2TC911641','2019-03-26','2019-03-30','Fasehatice',NULL,90.68,'change memory settings of the onboard computer; fix sunroof; ','pending'),('VSGK3RYW2TC911641','2019-04-07','2019-04-07','Newex',NULL,22.67,'configure universal remote control; attach seat extension; ','pending'),('VSGK3RYW2TC911641','2019-04-13','2019-04-16','Toughzap',NULL,45.34,'prevent fuel pump shutoff; adjust block heater; ','completed'),('VSGK3RYW2TC911641','2019-05-06','2019-05-16','Newex',NULL,136.02,'adjust accelerator pedal linkage; change memory settings of the onboard computer; ','in progress'),('WJENS213H4U188325','2019-02-16','2019-02-20','Cancity',NULL,90.1,'attach seat extension; set up satellite radio; ','pending'),('WJENS213H4U188325','2019-03-27','2019-04-10','Cancity',NULL,54.06,'attach exterior camera; replace radiator hoses; ','completed'),('WJUY8SU2JR0730363','2019-03-18','2019-03-22','Toughzap',NULL,132.86,'fix deceleration system; adjust seat belts tension; ','pending'),('WJUY8SU2JR0730363','2019-03-27','2019-03-27','Rundofase',NULL,44.29,'adjust climate control; fix external temperature display; ','in progress'),('WJUY8SU2JR0730363','2019-04-10','2019-04-11','Toughzap',NULL,88.58,'reduce carbon footprint; reduce fuel consumption; ','pending'),('WJUY8SU2JR0730363','2019-04-16','2019-05-11','Zencorporation',NULL,310.01,'adjust hybrid performance; ','in progress'),('WJUY8SU2JR0730363','2019-05-12','2019-05-21','Toughzap',NULL,177.15,'replace serpentine belt; fix a-pillar; ','in progress'),('WMXOWCZE1MO140134','2019-04-12','2019-04-22','Zencorporation','05V303000',263.98,'adjust adaptive cruise control; ','completed'),('WMXOWCZE1MO140134','2019-06-10','2019-06-14','Zumgoity',NULL,146.66,'replace tail lights; adjust turn signals; ','in progress'),('WMXOWCZE1MO140134','2019-06-15','2019-07-03','Rundofase',NULL,527.97,'upgrade navigation system; reduce fuel consumption; ','pending'),('WMXOWCZE1MO140134','2019-08-18','2019-09-20','Zencorporation',NULL,586.63,'improve engine performance; ','completed'),('WN6OY1F26X1741004','2019-04-12','2019-09-21','Cancity',NULL,824.81,'replace fuel filter; upgrade navigation system; ','in progress'),('WSHBRYQYDCI202435','2019-06-10','2019-06-19','Fasehatice',NULL,70.34,'adjust running boards; attach exterior camera; ','completed'),('WSHBRYQYDCI202435','2019-06-21','2019-06-25','Zencorporation',NULL,281.37,'fix sunroof; prevent fuel pump shutoff; ','pending'),('WSHBRYQYDCI202435','2019-07-06','2019-07-29','Newex','16V641000',1617.89,'adjust ignition timing; add knee airbags; ','in progress'),('WSHBRYQYDCI202435','2019-07-30','2019-08-06','Zumgoity',NULL,211.03,'fix cylinder head bolts; add heated windshield; ','completed'),('WSHBRYQYDCI202435','2019-08-08','2019-09-03','Zumgoity',NULL,1899.26,'add heated windshield; prevent fuel pump shutoff; ','pending'),('WSHBRYQYDCI202435','2019-09-20','2019-09-24','Rundofase',NULL,140.69,'configure audio remote control; adjust seat belts tension; ','in progress'),('X7PFFGNBSQI524327','2019-02-28','2019-02-28','Toughzap',NULL,136.73,'change memory settings of the onboard computer; make polarization coating; ','in progress'),('X7PFFGNBSQI524327','2019-03-06','2019-03-09','Cancity',NULL,136.73,'adjust seat belts tension; ','in progress'),('X7PFFGNBSQI524327','2019-03-10','2019-03-10','Cancity',NULL,136.73,'prevent fuel pump shutoff; fix steering damper; ','pending'),('X7PFFGNBSQI524327','2019-03-11','2019-03-12','Fasehatice','19V115000',136.73,'repair cooled seats; replace brake pedal spring; ','pending'),('XG2F8AZ3DKK768039','2019-02-10','2019-02-12','Newex','13V114000',17.5,'change brake linings; adjust climate control; ','in progress'),('XG2F8AZ3DKK768039','2019-02-27','2019-03-04','Zumgoity',NULL,52.51,'repair seatbelt force limiters; ','completed'),('XG2F8AZ3DKK768039','2019-03-17','2019-03-19','Zoomit',NULL,52.51,'add knee airbags; adjust hybrid performance; ','in progress'),('XG2F8AZ3DKK768039','2019-03-22','2019-04-26','Zencorporation',NULL,612.65,'change wheel cylinders; fix ventilated seats; ','in progress'),('XG2F8AZ3DKK768039','2019-05-12','2019-05-14','Zumgoity',NULL,35.01,'adjust adaptive cruise control; install parking sensors; ','pending'),('XG2F8AZ3DKK768039','2019-07-19','2019-07-31','Toughzap','13V114000',35.01,'change wheel cylinders; correct abs; ','in progress'),('XG2F8AZ3DKK768039','2019-08-18','2019-09-22','Cancity',NULL,402.6,'fix nvh dampening system; install separate rear audio; ','in progress'),('XK51E6IAGWW949280','2019-01-25','2019-02-14','Zencorporation',NULL,57.06,'check drive axle boots; change timing belt; ','pending'),('XK51E6IAGWW949280','2019-02-25','2019-03-01','Zencorporation','05V353000',57.06,'reduce fuel consumption; adjust block heater; ','completed'),('XK51E6IAGWW949280','2019-03-22','2019-03-23','Cancity','13V114000',38.04,'replace ace filter; ','completed'),('XK51E6IAGWW949280','2019-04-08','2019-04-15','Zencorporation',NULL,76.08,'fix sunroof; adjust accelerator pedal linkage; ','pending'),('XLHSC830B4B709486','2019-02-09','2019-02-11','Cancity',NULL,161.04,'reduce carbon footprint; install separate rear audio; ','pending'),('XLHSC830B4B709486','2019-02-25','2019-03-02','Zoomit',NULL,268.39,'replace crankcase ventilation filter; adjust climate control; ','in progress'),('XLHSC830B4B709486','2019-03-04','2019-03-04','Cancity',NULL,53.68,'change timing belt; change oil filter; ','completed'),('XLHSC830B4B709486','2019-03-05','2019-03-05','Zoomit','16V836000',53.68,'adjust traction control system; install separate rear audio; ','in progress'),('XLHSC830B4B709486','2019-03-22','2019-03-24','Toughzap',NULL,107.36,'fix a-pillar; ','pending'),('XLHSC830B4B709486','2019-03-30','2019-04-01','Fasehatice',NULL,107.36,'install turbocharger; ','completed'),('XLHSC830B4B709486','2019-04-02','2019-04-09','Newex',NULL,214.71,'fix air filter restriction indicator; fix cylinder head bolts; ','in progress'),('XOBOW6AU18A917853','2019-02-12','2019-02-17','Cancity',NULL,90.05,'fix broken tow hooks; refurbish power steering; ','in progress'),('XOBOW6AU18A917853','2019-02-22','2019-02-26','Zencorporation',NULL,22.51,'improve engine performance; adjust reverse tilt mirrors; ','pending'),('XOBOW6AU18A917853','2019-03-03','2019-03-06','Fasehatice',NULL,67.54,'change pcv filter/pcv valve; upgrade navigation system; ','pending'),('XUV6JR4Q8SX652578','2019-02-18','2019-02-25','Zencorporation','06V328000',10.13,'replace stabilizer bar; change oil filter; ','pending'),('XUV6JR4Q8SX652578','2019-02-27','2019-03-13','Toughzap',NULL,131.65,'refurbish power steering; set up auto-delay headlights; ','pending'),('XUV6JR4Q8SX652578','2019-03-21','2019-04-22','Fasehatice',NULL,50.63,'adjust accelerator pedal linkage; add knee airbags; ','in progress'),('XUV6JR4Q8SX652578','2019-04-26','2019-04-27','Zencorporation',NULL,20.25,'install dusk-sensing headlights; install anti-theft alarm; ','completed'),('XUV6JR4Q8SX652578','2019-05-03','2019-05-04','Rundofase',NULL,10.13,'replace tail lights; ','completed'),('XUV6JR4Q8SX652578','2019-05-20','2019-05-22','Newex','03V476000',20.25,'install turbocharger; install anti-theft alarm; ','completed'),('XUV6JR4Q8SX652578','2019-05-24','2019-05-25','Zoomit','11V592000',20.25,'change memory settings of the onboard computer; fix solar sunroof; ','completed'),('XUV6JR4Q8SX652578','2019-06-01','2019-06-03','Newex','06V328000',20.25,'repair direct injection system; ','pending'),('YB3M3MZEQ1J275307','2019-06-16','2019-06-16','Newex','15V157000',35.58,'attach exterior camera; ','in progress'),('YB3M3MZEQ1J275307','2019-06-17','2019-06-17','Toughzap',NULL,35.58,'install anti-theft alarm; fix sunroof; ','completed'),('YB3M3MZEQ1J275307','2019-06-18','2019-06-18','Zoomit','13V147000',35.58,'replace water pump; make polarization coating; ','completed'),('YB3M3MZEQ1J275307','2019-06-19','2019-06-20','Rundofase',NULL,71.16,'install roof spoiler; replace liftgate window; ','completed'),('YB3M3MZEQ1J275307','2019-06-21','2019-06-21','Rundofase',NULL,35.58,'change speaker configuration; install smoked glass; ','pending'),('YR8K00OE58G720472','2019-06-21','2019-06-22','Zumgoity',NULL,86.47,'replace brake pedal spring; repair seatbelt force limiters; ','pending'),('YR8K00OE58G720472','2019-06-23','2019-06-23','Fasehatice',NULL,43.24,'change speaker configuration; replace serpentine belt; ','completed'),('YR8K00OE58G720472','2019-06-25','2019-06-25','Cancity',NULL,43.24,'adjust low fuel warning indicator; adjust traction control system; ','pending'),('YR8K00OE58G720472','2019-06-27','2019-06-27','Zencorporation',NULL,43.24,'change speaker configuration; replace ace filter; ','in progress'),('YSPKFT8VKW8617087','2019-04-02','2019-04-06','Zencorporation',NULL,61.39,'replace fuel filter; repair seatbelt force limiters; ','pending'),('Z0Z206HDHO0103381','2019-04-29','2019-04-29','Newex',NULL,13.06,'install curtain airbags; fix broken tow hooks; ','in progress'),('Z0Z206HDHO0103381','2019-04-30','2019-04-30','Zumgoity',NULL,13.06,'replace steering column lock; reduce blind spot; ','completed'),('Z4RBIUHHJZS859016','2019-03-09','2019-04-07','Zencorporation',NULL,242.58,'change pcv filter/pcv valve; adjust block heater; ','completed'),('Z4SH0SHZI01062444','2019-06-24','2019-07-03','Zoomit',NULL,161.16,'add knee airbags; reconfigure service reminder light; ','pending'),('Z4SH0SHZI01062444','2019-07-06','2019-07-10','Zumgoity','18V031000',32.23,'adjust adaptive cruise control; ','pending'),('Z4SH0SHZI01062444','2019-07-11','2019-07-13','Fasehatice',NULL,32.23,'install vanity mirrors; check drive axle boots; ','completed'),('Z4SH0SHZI01062444','2019-07-28','2019-08-20','Zumgoity',NULL,338.44,'improve engine performance; install parking sensors; ','completed'),('Z4SH0SHZI01062444','2019-08-25','2019-08-26','Zoomit','17V260000',32.23,'reduce blind spot; replace ace filter; ','in progress'),('Z4SH0SHZI01062444','2019-08-29','2019-08-30','Fasehatice',NULL,16.12,'change steering rack; fix deceleration system; ','pending'),('Z4SH0SHZI01062444','2019-09-06','2019-09-12','Cancity',NULL,32.23,'replace tail lights; replace fuel filter; ','completed'),('Z4SH0SHZI01062444','2019-09-14','2019-09-18','Cancity',NULL,80.58,'add knee airbags; ','completed'),('Z4SH0SHZI01062444','2019-09-25','2019-09-26','Zoomit','18V204000',32.23,'adjust accelerator pedal linkage; replace fuel filter; ','pending'),('Z8UDI7LAGS7164830','2019-04-17','2019-04-27','Toughzap',NULL,65.12,'install separate rear audio; replace brake pedal spring; ','completed'),('Z8UDI7LAGS7164830','2019-04-29','2019-05-03','Fasehatice',NULL,32.56,'refurbish power steering; configure audio remote control; ','in progress'),('Z8UDI7LAGS7164830','2019-05-06','2019-05-09','Newex',NULL,48.84,'change wheel cylinders; set up auto-delay headlights; ','completed'),('Z8UDI7LAGS7164830','2019-05-18','2019-06-15','Newex','11V106000',390.7,'change brake linings; adjust adaptive cruise control; ','completed'),('Z8UDI7LAGS7164830','2019-06-20','2019-06-25','Zencorporation',NULL,48.84,'adjust block heater; replace timing belt tensioner; ','pending'),('ZDIFPMGLJRT329921','2019-05-23','2019-06-02','Cancity',NULL,313.18,'adjust block heater; attach seat extension; ','pending'),('ZDIFPMGLJRT329921','2019-06-03','2019-06-11','Fasehatice',NULL,178.96,'set up auto-delay headlights; adjust adaptive cruise control; ','in progress'),('ZDIFPMGLJRT329921','2019-06-15','2019-07-16','Toughzap',NULL,984.27,'fix nvh dampening system; change speaker configuration; ','in progress'),('ZDIFPMGLJRT329921','2019-07-24','2019-07-31','Zumgoity',NULL,44.74,'reduce blind spot; replace crankcase ventilation filter; ','pending'),('ZDIFPMGLJRT329921','2019-08-05','2019-08-05','Zencorporation',NULL,44.74,'improve engine performance; add knee airbags; ','in progress'),('ZDIFPMGLJRT329921','2019-09-15','2019-09-23','Zencorporation',NULL,178.96,'adjust adaptive cruise control; upgrade navigation system; ','pending'),('ZDR30CO5D6G733856','2019-05-07','2019-05-26','Cancity',NULL,211.44,'replace radiator hoses; ','in progress'),('ZDR30CO5D6G733856','2019-06-07','2019-06-28','Cancity',NULL,740.04,'fix broken tow hooks; attach spoiler; ','completed'),('ZDR30CO5D6G733856','2019-09-02','2019-09-06','Cancity',NULL,105.72,'fix air filter restriction indicator; adjust retractable mirrors; ','pending'),('ZIL5XS7BK6F565259','2019-04-21','2019-04-24','Toughzap',NULL,56.58,'fix a-pillar; change coolant; ','completed'),('ZIL5XS7BK6F565259','2019-04-26','2019-04-26','Fasehatice',NULL,18.86,'add knee airbags; fix external temperature display; ','pending'),('ZIL5XS7BK6F565259','2019-04-27','2019-04-29','Cancity',NULL,56.58,'adjust traction control system; ','pending'),('ZIYO5EKWDKS246902','2019-01-10','2019-01-17','Zoomit',NULL,547.42,'repair seatbelt force limiters; replace tail lights; ','in progress'),('ZIYO5EKWDKS246902','2019-01-30','2019-02-15','Fasehatice',NULL,205.28,'change wheel cylinders; repair direct injection system; ','pending'),('ZIYO5EKWDKS246902','2019-02-21','2019-03-03','Newex',NULL,684.28,'prevent fuel pump shutoff; ','completed'),('ZIYO5EKWDKS246902','2019-03-10','2019-04-09','Zumgoity',NULL,1300.13,'replace ace filter; replace radiator core & ac condenser; ','pending'),('ZIYO5EKWDKS246902','2019-04-16','2019-04-20','Newex','18V800000',205.28,'install curtain airbags; reduce blind spot; ','completed'),('ZIYO5EKWDKS246902','2019-05-01','2019-05-16','Toughzap',NULL,342.14,'change brake linings; replace brake pedal spring; ','completed'),('ZS1M7DGNG0B708125','2019-05-06','2019-05-22','Fasehatice','03E045000',448.46,'adjust hybrid performance; fix solar sunroof; ','in progress'),('ZS1M7DGNG0B708125','2019-05-26','2019-06-04','Zumgoity',NULL,203.85,'replace water pump; replace fuel filter; ','completed'),('ZS1M7DGNG0B708125','2019-06-23','2019-07-01','Rundofase',NULL,203.85,'reconfigure service reminder light; change pcv filter/pcv valve; ','completed'),('ZS1M7DGNG0B708125','2019-07-12','2019-07-14','Zumgoity',NULL,122.31,'replace crankcase ventilation filter; replace serpentine belt; ','completed'),('ZS1M7DGNG0B708125','2019-07-23','2019-07-30','Zoomit',NULL,285.38,'change suspension fluid; repair seatbelt force limiters; ','completed'),('ZS1M7DGNG0B708125','2019-08-04','2019-08-22','Fasehatice',NULL,652.31,'replace ace filter; set up auto-delay headlights; ','in progress'),('ZS1SXM3GTO8957023','2019-01-31','2019-02-02','Toughzap',NULL,87.25,'repair seatbelt force limiters; fix solar sunroof; ','completed'),('ZS1SXM3GTO8957023','2019-02-04','2019-02-04','Toughzap',NULL,29.08,'attach exterior camera; replace crankcase ventilation filter; ','pending'),('ZS1SXM3GTO8957023','2019-02-05','2019-02-19','Newex',NULL,58.17,'install intelligent alternator; adjust block heater; ','pending'),('ZS1SXM3GTO8957023','2019-02-20','2019-02-23','Rundofase',NULL,87.25,'change speaker configuration; attach seat extension; ','completed'),('ZS1SXM3GTO8957023','2019-02-24','2019-02-24','Fasehatice',NULL,29.08,'refurbish power steering; install optional equipment; ','completed'),('ZS1SXM3GTO8957023','2019-02-25','2019-02-25','Zencorporation',NULL,29.08,'replace liftgate window; adjust traction control system; ','pending'),('ZXZP2ADJFMJ124788','2019-05-11','2019-05-23','Toughzap',NULL,579.13,'replace water pump; configure universal remote control; ','in progress');
/*!40000 ALTER TABLE `repair` ENABLE KEYS */;
UNLOCK TABLES;

--
-- Table structure for table `sale`
--

DROP TABLE IF EXISTS `sale`;
/*!40101 SET @saved_cs_client     = @@character_set_client */;
 SET character_set_client = utf8mb4 ;
CREATE TABLE `sale` (
  `vin` varchar(17) COLLATE utf8mb4_unicode_ci NOT NULL,
  `customer_id` int(32) unsigned NOT NULL,
  `login_username` varchar(50) COLLATE utf8mb4_unicode_ci NOT NULL,
  `sales_date` timestamp NULL DEFAULT CURRENT_TIMESTAMP,
  PRIMARY KEY (`vin`),
  KEY `fk_sale_customer_id_customer_customer_id` (`customer_id`),
  KEY `fk_sale_login_username_user_login_username` (`login_username`),
  CONSTRAINT `fk_sale_customer_id_customer_customer_id` FOREIGN KEY (`customer_id`) REFERENCES `customer` (`customer_id`),
  CONSTRAINT `fk_sale_login_username_user_login_username` FOREIGN KEY (`login_username`) REFERENCES `user` (`login_username`),
  CONSTRAINT `fk_sale_vin_vehicle_vin` FOREIGN KEY (`vin`) REFERENCES `vehicle` (`vin`)
) ENGINE=InnoDB DEFAULT CHARSET=utf8mb4 COLLATE=utf8mb4_unicode_ci;
/*!40101 SET character_set_client = @saved_cs_client */;

--
-- Dumping data for table `sale`
--

LOCK TABLES `sale` WRITE;
/*!40000 ALTER TABLE `sale` DISABLE KEYS */;
INSERT INTO `sale` VALUES ('036JZFZ8I3K433701',111,'user15','2019-06-27 05:00:00'),('05WXEVLB5X8956206',111,'user25','2019-04-27 05:00:00'),('0HJ3WSLKGZT340626',93,'user09','2019-04-11 05:00:00'),('0KQT4QWDSFO183874',131,'user25','2019-06-28 05:00:00'),('0OZ6776OUA0065975',154,'burdell','2019-06-20 05:00:00'),('0Y8HTOZ7K6L112375',110,'burdell','2019-05-14 05:00:00'),('1D75678DO43448008',142,'user16','2019-06-08 05:00:00'),('1EW5SWZMNBU661507',60,'user17','2019-02-27 06:00:00'),('1J1RMS1AO48718511',94,'user09','2019-06-28 05:00:00'),('1MF8O5K3V5X143850',67,'user17','2019-06-16 05:00:00'),('1NVXI5JXG3Q330243',155,'user13','2019-06-20 05:00:00'),('1RQR2NON75E373495',37,'user09','2019-03-09 06:00:00'),('1U4MXLVV84A726331',131,'user09','2019-05-22 05:00:00'),('2KANK83IC2A444270',23,'user09','2019-03-04 06:00:00'),('2TN1NJUXESG344969',101,'user17','2019-05-24 05:00:00'),('30IT6VOHPTN692600',120,'user20','2019-05-26 05:00:00'),('30KBYEYBKH5669910',98,'user11','2019-06-26 05:00:00'),('31ZQB40Z55B784788',125,'burdell','2019-05-16 05:00:00'),('35TB5QWCJW0515619',101,'user11','2019-05-30 05:00:00'),('38ZSAKVC20U930606',153,'user17','2019-06-19 05:00:00'),('3HWBBE541KJ068668',17,'burdell','2019-06-20 05:00:00'),('3U3N6HS8K3V143011',136,'user25','2019-05-28 05:00:00'),('3VWJ7G74MRP551283',115,'user23','2019-06-26 05:00:00'),('426W8PU85BH593514',108,'user16','2019-04-24 05:00:00'),('4G40BAXEV4V936460',119,'user08','2019-05-06 05:00:00'),('6HKQMAEQ5PA690783',85,'user17','2019-03-31 05:00:00'),('6KSCMBLK5DZ055754',121,'burdell','2019-06-27 05:00:00'),('6PSJQWZYS2J443879',22,'user11','2019-06-23 05:00:00'),('73MVKB63GMJ964569',60,'user25','2019-05-27 05:00:00'),('7A13XEM0IMF171736',140,'user09','2019-06-28 05:00:00'),('7F3L3GAY4BB268957',71,'user15','2019-06-27 05:00:00'),('7FT34LPXEKD855738',4,'user13','2019-04-12 05:00:00'),('7T0CI3XEYJA004139',151,'user20','2019-06-24 05:00:00'),('7YCPTKZS5B3163969',52,'user15','2019-06-04 05:00:00'),('8BPZY476GS8852305',51,'user25','2019-06-29 05:00:00'),('8CPKHCHU2W7031895',113,'user20','2019-05-27 05:00:00'),('AI51SMWRVBH997689',110,'burdell','2019-04-26 05:00:00'),('AKHFEO0D1D4893889',44,'user20','2019-02-06 06:00:00'),('B2JQXKMCCJ3730138',109,'user16','2019-04-25 05:00:00'),('BMMT70O7FLR864961',27,'user15','2019-01-22 06:00:00'),('BX1OSN5TZYU191007',23,'burdell','2019-05-03 05:00:00'),('C0VHQRA5CIO857811',156,'user08','2019-06-20 05:00:00'),('C1OCSTQ1VP0823459',57,'user17','2019-02-17 06:00:00'),('CNXWEAHRICK569430',100,'user23','2019-04-16 05:00:00'),('CQCKR5VZRWO844951',87,'user17','2019-04-06 05:00:00'),('E64AFHYM7CM667399',83,'user13','2019-03-28 05:00:00'),('EAJW0OF78HV386515',25,'user13','2019-01-29 06:00:00'),('EFUWNBMO3TM316916',63,'user23','2019-02-28 06:00:00'),('EMARJQJLUEI221810',6,'user23','2019-02-23 06:00:00'),('ENHQ8WS125F354364',18,'burdell','2019-05-09 05:00:00'),('EVDJMOIDNRC331823',72,'user15','2019-04-26 05:00:00'),('F6TVSMY2L2Z886673',152,'user20','2019-06-28 05:00:00'),('FRCY3VYNL42885570',74,'user17','2019-06-17 05:00:00'),('FZ1HFZ585WR955503',96,'user09','2019-06-19 05:00:00'),('G33VJW8N2FY389186',161,'user23','2019-06-24 05:00:00'),('GBA0V3Z00JI851102',128,'user17','2019-05-20 05:00:00'),('H0SVSC0X1W0660350',76,'user23','2019-03-14 05:00:00'),('H130KLLOZLY973998',103,'user20','2019-05-24 05:00:00'),('H7PM7E5LCY5894305',17,'user20','2019-01-09 06:00:00'),('I6M6GMQGG7C407268',94,'user09','2019-04-17 05:00:00'),('I7CVVBU08H1044370',86,'user16','2019-05-27 05:00:00'),('IB3FDW7VPTE357125',11,'user17','2019-03-31 05:00:00'),('IHCVQSL87UO415387',13,'user20','2019-06-21 05:00:00'),('IKUQE1AIER1879688',55,'user17','2019-05-10 05:00:00'),('JAH4TXSVFRZ937654',58,'user09','2019-06-08 05:00:00'),('JB6TJOH3G13545501',96,'user20','2019-06-21 05:00:00'),('JVT2Q6U7HLH559100',26,'user11','2019-06-29 05:00:00'),('JVUFO2OOZH6501609',97,'user20','2019-04-14 05:00:00'),('K23GQ1HYKID336715',120,'user13','2019-05-06 05:00:00'),('K5ZQ65X47KU986899',148,'user15','2019-06-12 05:00:00'),('K6NPKFWC2DG818634',3,'user25','2019-06-29 05:00:00'),('KG6S1KYGKY7383089',37,'user09','2019-06-27 05:00:00'),('KIYTRMRZHSZ939929',77,'user13','2019-05-30 05:00:00'),('L075CLEGAGV332326',162,'user15','2019-06-24 05:00:00'),('L2G40AKW0DV261314',68,'user13','2019-06-17 05:00:00'),('L8CKHAJ376Q732997',115,'user08','2019-05-02 05:00:00'),('LAW66TO51NY340329',73,'user13','2019-04-01 05:00:00'),('LEWHC17RSR2225266',150,'user15','2019-06-28 05:00:00'),('LMC0DXV2F72475134',41,'user09','2019-06-14 05:00:00'),('LXLYHOV4G1Z722469',87,'burdell','2019-04-30 05:00:00'),('M58W6OQD1J3561088',77,'user16','2019-06-08 05:00:00'),('M6J2KWLLUKW587077',66,'user25','2019-06-27 05:00:00'),('MBKMABQOONK563483',36,'user08','2019-06-04 05:00:00'),('MW6HGX7M6O4186962',47,'user16','2019-03-17 05:00:00'),('MW7W375RHHU707116',159,'user11','2019-06-21 05:00:00'),('MXF3EGT2PAG490479',113,'user16','2019-05-26 05:00:00'),('N5VAEVB47M5598208',25,'burdell','2019-01-18 06:00:00'),('NNLD761PGMY686484',13,'user13','2019-04-06 05:00:00'),('NVDV1HTYNUU168147',85,'user20','2019-06-20 05:00:00'),('OOXPL1JMKRX336822',133,'user09','2019-05-26 05:00:00'),('OUXQFNQE2K7274854',144,'user20','2019-06-09 05:00:00'),('PC02G0A675B935953',145,'user13','2019-06-09 05:00:00'),('PEXVHDHEYM7282767',43,'user09','2019-06-10 05:00:00'),('PUVTYE6IVGN271318',6,'user11','2019-05-28 05:00:00'),('QHUYKEFC12W678012',129,'user15','2019-05-20 05:00:00'),('QNGJBXZ0ZPN690169',8,'user09','2019-03-19 05:00:00'),('R56SEOUUT0R265399',1,'user15','2019-06-28 05:00:00'),('RUAW8E8S2SA826885',138,'user08','2019-06-14 05:00:00'),('RZ64Q4VF3EC682670',28,'user16','2019-01-31 06:00:00'),('S7OOZE7TI6U419267',75,'user15','2019-05-23 05:00:00'),('SEXWGCZNLS4439650',152,'user16','2019-06-18 05:00:00'),('SROKG0OMKKQ394333',136,'user08','2019-06-25 05:00:00'),('SWME2EZ3HDD006687',21,'user11','2019-06-18 05:00:00'),('SX73Y7QKKQF628146',69,'user25','2019-03-03 06:00:00'),('SZAJTDBI6IL561669',44,'user16','2019-06-28 05:00:00'),('TD5OFRN1LC8601752',14,'user25','2019-06-29 05:00:00'),('U0PQOVOJXT2453885',116,'user09','2019-05-03 05:00:00'),('UEHE08QS622862172',29,'user11','2019-04-09 05:00:00'),('UVVEV0Y7R3V483738',123,'user25','2019-05-11 05:00:00'),('V4JVFR4YRS7140562',157,'user17','2019-06-20 05:00:00'),('VP0U4FNOL1Q272112',79,'user15','2019-05-04 05:00:00'),('VROU7UEWYWK097688',26,'user09','2019-01-18 06:00:00'),('VSGK3RYW2TC911641',63,'user11','2019-05-26 05:00:00'),('WJENS213H4U188325',98,'user15','2019-04-14 05:00:00'),('WJUY8SU2JR0730363',134,'user17','2019-05-26 05:00:00'),('WSMCQT2QRUX986498',147,'user25','2019-06-11 05:00:00'),('X7PFFGNBSQI524327',77,'user08','2019-03-14 05:00:00'),('XK51E6IAGWW949280',117,'user15','2019-05-03 05:00:00'),('XLHSC830B4B709486',99,'user16','2019-04-15 05:00:00'),('XOBOW6AU18A917853',72,'user20','2019-03-08 06:00:00'),('XUV6JR4Q8SX652578',117,'user25','2019-06-11 05:00:00'),('YB3M3MZEQ1J275307',132,'user13','2019-06-22 05:00:00'),('YR8K00OE58G720472',122,'user17','2019-06-28 05:00:00'),('YSPKFT8VKW8617087',69,'user20','2019-06-21 05:00:00'),('Z0Z206HDHO0103381',11,'user25','2019-05-01 05:00:00'),('Z4RBIUHHJZS859016',103,'user11','2019-04-17 05:00:00'),('Z8UDI7LAGS7164830',71,'user13','2019-06-28 05:00:00'),('ZIL5XS7BK6F565259',44,'user23','2019-05-06 05:00:00'),('ZIYO5EKWDKS246902',3,'burdell','2019-05-30 05:00:00'),('ZJFVODF6M3T898510',165,'user15','2019-06-29 05:00:00'),('ZS1SXM3GTO8957023',66,'user08','2019-03-02 06:00:00'),('ZXZP2ADJFMJ124788',1,'user13','2019-05-24 05:00:00');
/*!40000 ALTER TABLE `sale` ENABLE KEYS */;
UNLOCK TABLES;

--
-- Table structure for table `user`
--

DROP TABLE IF EXISTS `user`;
/*!40101 SET @saved_cs_client     = @@character_set_client */;
 SET character_set_client = utf8mb4 ;
CREATE TABLE `user` (
  `login_username` varchar(20) COLLATE utf8mb4_unicode_ci NOT NULL,
  `login_password` varchar(20) COLLATE utf8mb4_unicode_ci NOT NULL,
  `user_first_name` varchar(50) COLLATE utf8mb4_unicode_ci NOT NULL,
  `user_last_name` varchar(50) COLLATE utf8mb4_unicode_ci NOT NULL,
  `role` varchar(25) COLLATE utf8mb4_unicode_ci NOT NULL,
  PRIMARY KEY (`login_username`)
) ENGINE=InnoDB DEFAULT CHARSET=utf8mb4 COLLATE=utf8mb4_unicode_ci;
/*!40101 SET character_set_client = @saved_cs_client */;

--
-- Dumping data for table `user`
--

LOCK TABLES `user` WRITE;
/*!40000 ALTER TABLE `user` DISABLE KEYS */;
INSERT INTO `user` VALUES ('burdell','burdell','G','Burdell','All Roles'),('user01','pass01','Gail','Paprocki','Manager'),('user02','pass02','Leatha','Tomasulo','Clerk'),('user03','pass03','Jeanice','Ragel','Clerk'),('user04','pass04','Erick','Harabedian','Clerk'),('user05','pass05','Margart','Silvestrini','Clerk'),('user06','pass06','Valentin','Louissant','Clerk'),('user07','pass07','Thaddeus','Honeywell','Clerk'),('user08','pass08','Venita','Tolfree','Sales Person'),('user09','pass09','Salena','Kalafatis','Sales Person'),('user10','pass10','Peggie','Discipio','Clerk'),('user11','pass11','Serina','Worlds','Sales Person'),('user12','pass12','Laticia','Aquas','Clerk'),('user13','pass13','Portia','Bowley','Sales Person'),('user14','pass14','Alex','Lungren','Clerk'),('user15','pass15','Ettie','Ruta','Sales Person'),('user16','pass16','Felix','Perigo','Sales Person'),('user17','pass17','Franklyn','Flosi','Sales Person'),('user18','pass18','Virgina','Patak','Clerk'),('user19','pass19','Frederica','Francescon','Manager'),('user20','pass20','Simona','Halter','Sales Person'),('user21','pass21','Jerry','Meinerding','Manager'),('user22','pass22','Leslie','Frerking','Clerk'),('user23','pass23','Aja','Hoa','Sales Person'),('user24','pass24','Jolene','Modzelewski','Clerk'),('user25','pass25','Rozella','Chavous','Sales Person');
/*!40000 ALTER TABLE `user` ENABLE KEYS */;
UNLOCK TABLES;

--
-- Table structure for table `vehicle`
--

DROP TABLE IF EXISTS `vehicle`;
/*!40101 SET @saved_cs_client     = @@character_set_client */;
 SET character_set_client = utf8mb4 ;
CREATE TABLE `vehicle` (
  `vin` varchar(17) COLLATE utf8mb4_unicode_ci NOT NULL,
  `manufacturer_name` varchar(50) COLLATE utf8mb4_unicode_ci NOT NULL,
  `vehicle_type` varchar(50) COLLATE utf8mb4_unicode_ci NOT NULL,
  `model_year` int(11) NOT NULL,
  `model_name` varchar(50) COLLATE utf8mb4_unicode_ci NOT NULL,
  `mileage` float NOT NULL,
  `vehicle_condition` varchar(10) COLLATE utf8mb4_unicode_ci NOT NULL,
  `vehicle_description` varchar(200) COLLATE utf8mb4_unicode_ci DEFAULT NULL,
  `sales_price` float NOT NULL,
  `kbb_value` float NOT NULL,
  PRIMARY KEY (`vin`)
) ENGINE=InnoDB DEFAULT CHARSET=utf8mb4 COLLATE=utf8mb4_unicode_ci;
/*!40101 SET character_set_client = @saved_cs_client */;

--
-- Dumping data for table `vehicle`
--

LOCK TABLES `vehicle` WRITE;
/*!40000 ALTER TABLE `vehicle` DISABLE KEYS */;
INSERT INTO `vehicle` VALUES ('036JZFZ8I3K433701','INFINITI','Sedan',2003,'Q45',79683,'Excellent','disc brake; ',1265.88,1012.7),('05AJ273ZM02946325','GMC','SUV',2004,'C7500 TOPKICK',159990,'Excellent',NULL,4752.16,3801.73),('05WXEVLB5X8956206','Cadillac','SUV',2009,'SRX',24135,'Fair','fuel injection; ',5939.02,4751.22),('0HJ3WSLKGZT340626','Buick','SUV',2008,'LACROSSE',17670,'Fair','engine displacement; ',2928.82,2343.06),('0KQT4QWDSFO183874','Hyundai','Sedan',2007,'VERACRUZ',58788,'Fair','anti-lock brake system (ABS); ',5853.21,4682.57),('0OZ6776OUA0065975','Bentley','Sedan',2014,'MULSANNE',3409,'Very Good','best possible traction; ',6170.45,4936.36),('0XHRC15HS5V123753','Acura','Truck',2011,'TSX',106125,'Excellent','rack and pinion steering; ',3700.2,2960.16),('0XJA8OD4GS2220202','Toyota','Minivan',2012,'PRIUS V',12756,'Good','superturbocharger; ',2177.49,1741.99),('0Y8HTOZ7K6L112375','Jeep','Van',2004,'WRANGLER',139065,'Very Good','ultra new transmission; normally aspirated; hydraulic brakes; ',5404.58,4323.66),('1D377TZAWSW801985','Romeo','Minivan',2008,'GT',36111,'Very Good','no backfire/backfiring; ',3975.94,3180.75),('1D75678DO43448008','Ram','Minivan',2016,'PROMASTER 2500',9230,'Good',NULL,5554.5,4443.6),('1EW5SWZMNBU661507','Audi','Van',2005,'TT QUATTRO',61050,'Excellent','best sedan; automatic transmission; engine displacement; ',1611.04,1288.83),('1J1RMS1AO48718511','MINI','Truck',2013,'COOPER COUNTRYMAN',34872,'Excellent',NULL,1802.99,1442.39),('1MF8O5K3V5X143850','Lexus','Minivan',2010,'LX570',104044,'Fair','wide transaxle; ',3839.16,3071.33),('1NVXI5JXG3Q330243','Hyundai','Van',2010,'AZERA',3812,'Excellent','automatic valves; wide chassis; ',14358.9,11487.1),('1RQR2NON75E373495','MAZDA','Coupe',2006,'MX-5',14172,'Excellent','innovative air bags; ',1629.38,1303.5),('1U4MXLVV84A726331','Lotus','Sedan',2007,'ELISE',129670,'Excellent',NULL,2606.02,2084.82),('1WU1KQALZ75403546','Mitsubishi','SUV',2008,'LANCER',50010,'Fair','active safety features; crumple zones; ',5410.6,4328.48),('22420XMJ47N471618','Tesla','SUV',2013,'S',111720,'Very Good','supernew catalytic converter; ',1453.2,1162.56),('23XI32P0M0K897737','Porsche','Convertible',2007,'CAYMAN',102280,'Good',NULL,1797.09,1437.67),('27J2LRAE38R945176','Buick','SUV',2007,'LUCERNE',76590,'Fair','high volume cylinder; ',4113.11,3290.49),('2CEDOZQS3WI014174','McLaren','Minivan',2016,'MP4-12C',11800,'Excellent','check the Monroney sticker - there is nothing better than this vehicle; ',7684.1,6147.28),('2KANK83IC2A444270','Chevrolet','Convertible',2011,'SILVERADO 2500 HD',100896,'Very Good','minivan; ',5196.79,4157.43),('2TN1NJUXESG344969','Subaru','SUV',2018,'IMPREZA',11972,'Good','automatic torque converter; ',13903.2,11122.5),('30IT6VOHPTN692600','Acura','SUV',2002,'RL',133159,'Fair','oversteer; ',1909.4,1527.52),('30KBYEYBKH5669910','Ford','Sedan',2001,'E-350 ECONOLINE CLUB WAGON',53610,'Fair','best possible traction; ',1910.49,1528.39),('31ZQB40Z55B784788','Ferrari','Coupe',2002,'456 M GTA',123328,'Excellent','super new ignition system; power train; ',3797.82,3038.26),('35TB5QWCJW0515619','Jaguar','Minivan',2019,'XKR',136271,'Very Good','ultra new transmission; ',2269.24,1815.39),('38ZSAKVC20U930606','Martin','Minivan',2019,'V12 VANTAGE',137449,'Excellent','best sedan; ',1839.65,1471.72),('3HWBBE541KJ068668','BMW','Sedan',2008,'335I',42840,'Excellent','best oil pump; ',7941.66,6353.33),('3KYD25BMOB3101135','Subaru','Minivan',2003,'IMPREZA',3972,'Good','drive shaft; high differential; can be used as sports car; ',5450.65,4360.52),('3S8JO5UMV1Y166789','Chevrolet','Convertible',2010,'CAMARO',80787,'Very Good','very hard struts; ',2121.36,1697.09),('3U3N6HS8K3V143011','GMC','Coupe',2012,'SIERRA 2500 HD',18870,'Excellent','crumple zones; ',4552.23,3641.78),('3VWJ7G74MRP551283','Martin','SUV',2007,'V8 VANTAGE',124280,'Very Good','check the Monroney sticker - theer is nothing better than this vehicle; ',1389.76,1111.81),('41AHCTXZIUN699904','Aston','Coupe',2003,'VANQUISH',91080,'Very Good','supernew catalytic converter; high torque; small spark plug gap; ',2109.48,1687.58),('426W8PU85BH593514','Subaru','Sedan',2011,'IMPREZA',52180,'Fair','crankcase; hydraulic brakes; ',3018.75,2415),('4G40BAXEV4V936460','Cadillac','SUV',2013,'XTS',102825,'Very Good','overdrive; ',2357.26,1885.81),('58SXUC0BZIA446980','Honda','Truck',2008,'CRF70F',161228,'Fair','crankcase; hydraulic brakes; ',3724.51,2979.61),('5I71MA5PSO0445780','Romeo','Truck',2008,'GT',22908,'Very Good','manual transmission; ',3975.94,3180.75),('5U2302GFYRL619555','Hyundai','Truck',2010,'ELANTRA',165004,'Excellent',NULL,3532.48,2825.98),('66BVP1UV1VM384215','Lexus','Truck',2010,'LS600H',47550,'Very Good','no understeer; detail; ',2493.88,1995.1),('6D300ABH65P725391','Jeep','Sedan',2003,'LIBERTY',125635,'Very Good','high volume cylinder; pickup; ',4791.12,3832.9),('6GHR6AAGP36983674','MAZDA','Van',2013,'3 SPORT',4232,'Excellent','high quality carburetor; ',24247.8,19398.2),('6HKQMAEQ5PA690783','Jeep','Sedan',2011,'PATRIOT',29506,'Good','supernew catalytic converter; ',5535.96,4428.77),('6KSCMBLK5DZ055754','Subaru','Convertible',2002,'IMPREZA',27610,'Fair','best radiator; ',3018.75,2415),('6PSJQWZYS2J443879','Jaguar','Minivan',2015,'XK',6828,'Fair','detail; ',16624.7,13299.7),('73MVKB63GMJ964569','Mitsubishi','SUV',2004,'GALANT',6381,'Fair','best sedan; ',8267.84,6614.27),('7A13XEM0IMF171736','Ford','Van',2013,'LOBO',66160,'Excellent','innovative air bags; front axle assembly; ',1880.46,1504.37),('7F3L3GAY4BB268957','GMC','Sedan',2005,'CANYON',119148,'Fair','good gear; all passive safety features; high quality carburetor; ',5081.45,4065.16),('7FT34LPXEKD855738','Freightliner','Coupe',2009,'MT55',96640,'Very Good',NULL,3486.61,2789.29),('7T0CI3XEYJA004139','Jeep','Coupe',2019,'COMPASS',21140,'Excellent','super new ignition system; ',6509.41,5207.53),('7W7UDF3KP41966929','Cadillac','SUV',2003,'ESCALADE EXT',54990,'Excellent','great rpms; station wagon (Also known as wagon.); ',3635.52,2908.42),('7Y1EAHONCCS732936','Dodge','Minivan',2012,'CALIBER',8247,'Very Good','best suspension; ',11177.1,8941.69),('7YCPTKZS5B3163969','Honda','Convertible',2008,'TRX500FE FOURTRAX FOREMAN 4X4 ES',38273,'Very Good',NULL,4138.14,3310.51),('8BPZY476GS8852305','Lincoln','Convertible',2015,'MKS',21882,'Fair',NULL,7047.02,5637.62),('8C76DYYDYJU989849','Cadillac','Sedan',2008,'SRX',8910,'Fair','can be used as sports car; ',7233.74,5786.99),('8CPKHCHU2W7031895','smart','Truck',2005,'FORTWO',139625,'Very Good','no redline; ',3391.59,2713.27),('8FX05ZAH64B316440','Hyundai','SUV',2009,'AZERA',79100,'Fair','wide transaxle; ',5658.46,4526.77),('8HJHTFE0FGU264640','Freightliner','Minivan',2006,'MT45',28290,'Very Good','innovative air bags; ',2366.6,1893.28),('A1NW00GFYRY803793','INFINITI','Convertible',2003,'G35',93475,'Fair','great rpms; ',1611.79,1289.43),('A2YAQD6KDWM503404','smart','SUV',2011,'FORTWO',6490,'Very Good','detail; ',7468.26,5974.61),('ABCX0O07N6F519334','Ferrari','Sedan',2005,'575 M MARANELLO',107835,'Excellent','original equipment manufacturer (OEM) parts; modern dashboard; high torque; ',5870.62,4696.5),('AFTWPBMU2TA534019','Lotus','Coupe',2004,'ESPRIT',67542,'Fair','air filtration system; ',3142.81,2514.25),('AI51SMWRVBH997689','Chevrolet','Van',2008,'MERIVA',102980,'Very Good','ultra new transmission; ',1483.44,1186.75),('AKHFEO0D1D4893889','Mitsubishi','Truck',2004,'FE-SP',3544,'Fair','wide cam; ',6379.23,5103.38),('AN86IKI83LD618280','Audi','Convertible',2001,'TT',23400,'Fair','innovative air bags; automatic valves; ',4721.29,3777.03),('ASBUY3C1GYP443816','MAZDA','Coupe',2010,'3 SPORT',5513,'Fair','manual transmission; ',18671.9,14937.5),('ATWA3W65LU2848535','Toyota','Minivan',2015,'PRIUS V',12702,'Good','hatchback; air filtration system; ',4267.01,3413.61),('AZCPHC4R1RY522608','smart','SUV',2007,'FORTWO',130284,'Fair',NULL,3391.59,2713.27),('B2JQXKMCCJ3730138','Volkswagen','Van',2018,'CADDY',77568,'Fair','automatic torque converter; ',5931.96,4745.57),('B3V53WEVPX7253102','Buick','Convertible',2012,'ENCLAVE',30759,'Fair','best sedan; ',6893.94,5515.15),('BHVL8OFSZ0G423785','Honda','Convertible',2005,'VT1100C SHADOW SPIRIT',30246,'Fair','manual transmission; ',1643.18,1314.54),('BMMT70O7FLR864961','Lamborghini','Sedan',2013,'GALLARDO',41550,'Excellent','sturdy side impact beams; ',2428.82,1943.06),('BNWE37HKK6A465562','Romeo','Van',2019,'GIULIETTA',58848,'Fair','coupe; ',1976.24,1580.99),('BX1OSN5TZYU191007','Hyundai','Sedan',2010,'SONATA',23424,'Excellent','manual transmission; ',2850.94,2280.75),('C0VHQRA5CIO857811','Bentley','SUV',2003,'ARNAGE',63870,'Excellent','coupe; ',4825.66,3860.53),('C1OCSTQ1VP0823459','Jaguar','Minivan',2017,'XFR-S',104976,'Fair','original equipment manufacturer (OEM) parts; drum brake; convertible; ',4946.95,3957.56),('C4QIGI5R0PE739600','Mitsubishi','Convertible',2004,'OUTLANDER',76236,'Excellent','autotachometer; automatic torque converter; ',1351.9,1081.52),('CHA3G8GE21K992177','Chevrolet','Truck',2017,'SUBURBAN 1500',12174,'Fair','broad wheelbase; crankcase; ',12743,10194.4),('CNXWEAHRICK569430','Jeep','Coupe',2006,'WRANGLER',62856,'Good','four-wheel drive; ',5404.58,4323.66),('CQCKR5VZRWO844951','MINI','Coupe',2003,'COOPER',6276,'Very Good','no understeer; ',7755.65,6204.52),('E5WGL31NMNQ304399','Bentley','SUV',2002,'ARNAGE',25840,'Good','engine displacement; ',4825.66,3860.53),('E64AFHYM7CM667399','Bentley','Convertible',2010,'AZURE',84966,'Good','front wheel drive; fuel injection; Automotive Service Excellence (ASE); ',2248.88,1799.1),('E8MFMML51CM701156','FIAT','Van',2007,'PALIO',26844,'Fair','all passive safety features; ',2127.62,1702.1),('EAJW0OF78HV386515','Freightliner','Coupe',2002,'SPRINTER 3500',129480,'Very Good',NULL,2035.86,1628.69),('EBZZN84J0L1163524','Dodge','Van',2003,'RAM 2500 TRUCK',19605,'Good','Automotive Service Excellence (ASE); ',7666.58,6133.26),('EFUWNBMO3TM316916','Lotus','Van',2011,'ELISE',158818,'Good','automatic safety features; ',2606.02,2084.82),('EMARJQJLUEI221810','Bentley','Minivan',2001,'ARNAGE',50919,'Very Good','normally aspirated; ',4825.66,3860.53),('ENHQ8WS125F354364','Acura','Van',2010,'TSX',4884,'Good','manual transmission; ',8596.31,6877.05),('EVDJMOIDNRC331823','smart','Coupe',2005,'FORFOUR',17826,'Fair','all passive safety features; ',1323.15,1058.52),('F5BABPZQD3I737349','Chevrolet','Van',2003,'ASTRO',139336,'Fair','Automotive Service Excellence (ASE); high torque; ',2953.66,2362.93),('F6TVSMY2L2Z886673','Mercedes-Benz','Convertible',2015,'ML400',57190,'Very Good','great rpms; hydraulic brakes; ',4146.38,3317.1),('FRCY3VYNL42885570','Maserati','Convertible',2007,'GRANSPORT',67992,'Good','superturbocharger; ',6548.79,5239.03),('FWOYW8SJUH7074597','Freightliner','Convertible',2003,'SPRINTER 3500',58928,'Very Good','pickup; ',2035.86,1628.69),('FZ1HFZ585WR955503','Lincoln','Minivan',2004,'AVIATOR',99636,'Good','high quality carburetor; ',10637.8,8510.23),('G33VJW8N2FY389186','MAZDA','Minivan',2001,'B2300',4738,'Good','broad wheelbase; drive shaft; high block; ',2306.65,1845.32),('GB5EB3AIUD0242483','BMW','Coupe',2014,'760LI',42293,'Good','automatic torque converter; high block; ',2262.54,1810.03),('GBA0V3Z00JI851102','Maserati','Van',2011,'GRANTURISMO',118476,'Good','autotachometer; modern dashboard; ',1839.35,1471.48),('GC225MTL5DF831250','Porsche','Sedan',2015,'CAYMAN',10299,'Good','coupe; best suspension; ',4385.25,3508.2),('GKTLIDKGMZ6109105','Aston','Minivan',2008,'DBS',7135,'Very Good','good gear; ',4062.1,3249.68),('H0SVSC0X1W0660350','Chevrolet','Coupe',2013,'EXPRESS 4500',37800,'Excellent','high differential; automatic valves; ',9912.41,7929.93),('H130KLLOZLY973998','Tesla','Minivan',2009,'ROADSTER',111596,'Very Good','rack and pinion steering; ',2014.53,1611.62),('H7PM7E5LCY5894305','Audi','Convertible',2002,'TT QUATTRO',33935,'Very Good','unibody construction; ',1611.04,1288.83),('I6M6GMQGG7C407268','MINI','Coupe',2007,'COOPER',99910,'Fair','sport utility vehicle-SUV; best sedan; broad wheelbase; ',5767.14,4613.71),('I7CVVBU08H1044370','Volkswagen','Sedan',2008,'EOS',49142,'Fair','disc brake; gap; ',2177.6,1742.08),('IB3FDW7VPTE357125','Ferrari','Van',2011,'CALIFORNIA',55068,'Good','disc brake; crankcase; ',2357.56,1886.05),('IHCVQSL87UO415387','Subaru','Minivan',2015,'WRX STI',189940,'Good','minivan; unibody construction; ',3736.8,2989.44),('IKUQE1AIER1879688','Acura','Sedan',2002,'RL',57900,'Good','engine displacement; power train; ',1909.4,1527.52),('IOCT8QVK86C997015','Bentley','Minivan',2012,'CONTINENTAL',98400,'Good',NULL,5888.39,4710.71),('JAH4TXSVFRZ937654','Volkswagen','Van',2004,'POINTER',83052,'Good','wide transaxle; ',2371.76,1897.41),('JB6TJOH3G13545501','Acura','Coupe',2001,'INTEGRA',2998,'Very Good','super new ignition system; ',7991.3,6393.04),('JGARQY7YBFD847126','Volkswagen','Convertible',2002,'SEDAN',21752,'Excellent','air filtration system; broad wheelbase; ',2566.3,2053.04),('JVT2Q6U7HLH559100','Alfa','Van',2007,'SPIDER',2485,'Very Good',NULL,3844.44,3075.55),('JVUFO2OOZH6501609','Volkswagen','Convertible',2017,'PASSAT',33075,'Good','sturdy rear axle assembly; ',5247.24,4197.79),('K23GQ1HYKID336715','Bentley','Convertible',2009,'ARNAGE',43530,'Excellent','automatic safety features; ',4825.66,3860.53),('K5ZQ65X47KU986899','Cadillac','SUV',2001,'ELDORADO',66910,'Fair','minivan; ',4160.17,3328.14),('K6NPKFWC2DG818634','Acura','Coupe',2004,'TL',77212,'Very Good','hydraulic brakes; drum brake; ',3139.19,2511.35),('KG6S1KYGKY7383089','Nissan','Minivan',2012,'MAXIMA',101450,'Excellent','gap; ',5983.34,4786.67),('KIYTRMRZHSZ939929','Maserati','Truck',2007,'GRANSPORT',91502,'Excellent',NULL,6548.79,5239.03),('KRDZJUDE7EC973298','Maserati','SUV',2003,'COUPE',32130,'Very Good','can be used as sports car; ',1925.78,1540.62),('KSC5NS2WX0Q021711','INFINITI','Van',2012,'G37',14726,'Very Good','drum brake; ',3654.56,2923.65),('L075CLEGAGV332326','Lexus','Van',2004,'RX330',61175,'Good','four-wheel drive; drive shaft; ',1825.61,1460.49),('L2G40AKW0DV261314','Hyundai','Coupe',2003,'SONATA',4388,'Excellent','wide chassis; drum brake; ',4910.45,3928.36),('L8CKHAJ376Q732997','Lexus','Sedan',2008,'RX400H',7152,'Very Good','automatic safety features; ',4071.51,3257.21),('LAW66TO51NY340329','Honda','Sedan',2008,'TRX500FGA FOURTRAX FOREMAN RUBICON',129900,'Very Good','gap; no backfire/backfiring; ',1820.07,1456.06),('LEWHC17RSR2225266','Lincoln','Coupe',2007,'MARK LT',22948,'Excellent','coupe; ',1425.97,1140.78),('LMC0DXV2F72475134','Subaru','Minivan',2018,'OUTBACK',13130,'Very Good','best oil pump; ',12397.5,9918.03),('LN7ZMWGACVJ434473','GMC','Van',2016,'SAVANA 3500',53772,'Good','innovative air bags; ',1870.78,1496.62),('LXLYHOV4G1Z722469','Chevrolet','SUV',2018,'EXPRESS 3500',167240,'Good','normally aspirated; ',1399.41,1119.53),('M58W6OQD1J3561088','Porsche','Truck',2001,'BOXSTER',64527,'Excellent',NULL,10534.2,8427.4),('M6J2KWLLUKW587077','Hyundai','Sedan',2011,'AZERA',73801,'Very Good',NULL,5658.46,4526.77),('MBKMABQOONK563483','Kia','Van',2019,'SOUL',87548,'Fair','original equipment manufacturer (OEM) parts; ',2377.35,1901.88),('MT0OEZQ7C5Q035531','Martin','Coupe',2013,'DB9',97620,'Fair','front wheel drive; ',1634.36,1307.49),('MW6HGX7M6O4186962','Aston','Convertible',2011,'V8 VANTAGE',2092,'Fair',NULL,4282.7,3426.16),('MW7W375RHHU707116','MINI','Van',2015,'COOPER',51504,'Good','rear wheel drive; ',5767.14,4613.71),('MXF3EGT2PAG490479','Subaru','Coupe',2008,'FORESTER',42500,'Very Good','good piston; ',2917.06,2333.65),('MYX14D30CZI581341','Audi','Van',2013,'Q5',6777,'Good','check the Monroney sticker - there is nothing better than this vehicle; repair',4345.76,3476.61),('N5VAEVB47M5598208','Tesla','Minivan',2009,'ROADSTER',1519,'Excellent','anti-lock brake system (ABS); ',5633.01,4506.41),('NNLD761PGMY686484','Freightliner','Minivan',2005,'FL80',23613,'Fair','hydraulic brakes; good gear; sturdy rear axle assembly; ',3615.36,2892.29),('NQC3ODNRG8W618383','Lincoln','SUV',2011,'MKS',106985,'Excellent',NULL,7047.02,5637.62),('NVDV1HTYNUU168147','BMW','Van',2005,'R1200CL',63324,'Fair','automatic safety features; ',2305.9,1844.72),('OOXPL1JMKRX336822','Ferrari','Convertible',2010,'612 SCAGLIETTI',32888,'Good','manual transmission; normally aspirated; ',4736.54,3789.23),('OUIFCWSPPHR650293','Hyundai','Convertible',2011,'GENESIS',27801,'Good','modern dashboard; ',3203.62,2562.9),('OUXQFNQE2K7274854','BMW','Sedan',2015,'740I',105308,'Excellent','engine displacement; ',6777.52,5422.02),('P7UUVOVKPTD080947','Maserati','SUV',2007,'QUATTROPORTE',48335,'Fair',NULL,2403.49,1922.79),('PC02G0A675B935953','Mitsubishi','Van',2012,'CANTER FE180',4566,'Very Good','detail; ',5754.23,4603.38),('PEXVHDHEYM7282767','Aston','Truck',2009,'DBS',44320,'Very Good','best radiator; ',2582.39,2065.91),('PHTKITC5C1H921363','Ferrari','Convertible',2012,'458 ITALIA',85628,'Fair','great engine; ',2756.04,2204.83),('PUVTYE6IVGN271318','Martin','Convertible',2011,'DBS',78935,'Fair','rear wheel drive; ',2582.39,2065.91),('QHUYKEFC12W678012','Martin','Truck',2012,'DB9',193286,'Excellent','power train; ',1634.36,1307.49),('QNGJBXZ0ZPN690169','Hyundai','Van',2016,'GENESIS',68300,'Fair','sturdy rear axle assembly; moonroof',3203.62,2562.9),('R56SEOUUT0R265399','Lamborghini','Van',2003,'MURCIELAGO',26791,'Very Good','good piston; ',3308.91,2647.13),('RUAW8E8S2SA826885','Nissan','Minivan',2008,'TITAN',154050,'Fair','automatic safety features; ',2234.2,1787.36),('RZ64Q4VF3EC682670','Toyota','Convertible',2011,'HIACE',143278,'Excellent','Comes with a roof rack',5955.49,4764.39),('S7OOZE7TI6U419267','INFINITI','Sedan',2012,'FX35',136516,'Fair','front axle assembly; active safety features; supernew catalytic converter; ',2106.91,1685.53),('SEXWGCZNLS4439650','Bentley','Sedan',2009,'BROOKLANDS',176955,'Good','crankcase; ',2126.24,1700.99),('SGEAZM7OHRE981138','Audi','SUV',2011,'Q5',39759,'Excellent','great engine; ',1853.51,1482.81),('SJV51DZQ416158315','Volkswagen','Minivan',2013,'PASSAT',176770,'Fair','autotachometer;',5247.24,4197.79),('SROKG0OMKKQ394333','Chevrolet','Convertible',2002,'TRACKER',32814,'Fair','rack and pinion steering; ',7809.83,6247.86),('SWME2EZ3HDD006687','Mercedes-Benz','Minivan',2006,'SL55 AMG',13550,'Good','great engine; ',3054.06,2443.25),('SX73Y7QKKQF628146','Volkswagen','Minivan',2012,'EOS',75560,'Fair',NULL,2177.6,1742.08),('SZAJTDBI6IL561669','Alfa','Coupe',2016,'4C',101749,'Good','original equipment manufacturer (OEM) parts; ',5054.33,4043.46),('T1HO8QC0CE5867880','Volkswagen','Van',2003,'POINTER',53997,'Excellent','coupe; ',2371.76,1897.41),('TD5OFRN1LC8601752','Dodge','SUV',2003,'RAM 3500 PICKUP',39765,'Excellent','oversteer; overdrive; unibody construction; ',3976.43,3181.14),('U0PQOVOJXT2453885','Maserati','Coupe',2015,'GHIBLI',25746,'Good','engine displacement; ',3285.57,2628.46),('U3HSV2KCE0Y319532','Toyota','Sedan',2012,'YARIS',92019,'Very Good','automatic valves; high block; ',6099.54,4879.63),('UEHE08QS622862172','Toyota','Convertible',2013,'PRIUS V',20001,'Fair','high torque; ',2177.49,1741.99),('UVVEV0Y7R3V483738','Mitsubishi','Sedan',2011,'OUTLANDER',5350,'Fair','automatic transmission; ',3285.12,2628.1),('V4JVFR4YRS7140562','Volkswagen','Convertible',2012,'GOL SEDAN',4266,'Fair','best suspension; ',5586.46,4469.17),('VDJS4PZ5A22366162','Jaguar','SUV',2005,'XK8',90324,'Fair','high torque; ',2159.6,1727.68),('VP0U4FNOL1Q272112','Alfa','SUV',2013,'MITO',84541,'Fair','manual transmission; ',4171.31,3337.05),('VROU7UEWYWK097688','Cadillac','Minivan',2008,'ESCALADE EXT',19743,'Very Good','anti-lock brake system (ABS); ',3635.52,2908.42),('VSGK3RYW2TC911641','Volvo','Sedan',2002,'S40',102289,'Good','wide cam; ',2833.77,2267.02),('WJENS213H4U188325','Chevrolet','Sedan',2001,'CAVALIER',6605,'Very Good','small spark plug gap; ',2252.48,1801.98),('WJUY8SU2JR0730363','Jeep','Minivan',2017,'PATRIOT',39573,'Fair','no redline; ',5535.96,4428.77),('WMXOWCZE1MO140134','Mitsubishi','SUV',2007,'ENDEAVOR',38615,'Excellent','strong muffler; electronic transmission; ',3666.44,2933.15),('WN6OY1F26X1741004','Ferrari','Coupe',2005,'F430',51128,'Fair','original equipment manufacturer (OEM) parts; wide transaxle; convertible; ',1874.56,1499.65),('WSHBRYQYDCI202435','Audi','Van',2014,'S7',19620,'Excellent','detail; unibody construction; wide cam; ',8792.88,7034.3),('WSMCQT2QRUX986498','Toyota','Van',2017,'MATRIX',22538,'Excellent','pickup; ',5485.81,4388.65),('X7PFFGNBSQI524327','Porsche','SUV',2011,'BOXSTER',9388,'Excellent','Automotive Service Excellence (ASE); detail; ',17090.8,13672.6),('XG2F8AZ3DKK768039','Kia','Convertible',2016,'FORTE KOUP',31600,'Very Good',NULL,2188.04,1750.43),('XK51E6IAGWW949280','Kia','SUV',2010,'SOUL',17770,'Very Good','no backfire/backfiring; ',2377.35,1901.88),('XLHSC830B4B709486','Volvo','Convertible',2010,'C70',10582,'Very Good','drum brake; ',6709.83,5367.86),('XOBOW6AU18A917853','Lincoln','Van',2008,'MARK LT',5133,'Excellent',NULL,2814.02,2251.22),('XUV6JR4Q8SX652578','INFINITI','Truck',2004,'Q45',27628,'Excellent','normally aspirated; ',1265.88,1012.7),('YB3M3MZEQ1J275307','GMC','Convertible',2001,'SIERRA 1500',28814,'Good','coupe; ',4447.41,3557.93),('YR8K00OE58G720472','Jeep','Coupe',2007,'WRANGLER',22740,'Excellent','fuel injection; ',5404.58,4323.66),('YSPKFT8VKW8617087','Honda','Convertible',2001,'S2000',93559,'Good','engine displacement; ',3836.77,3069.42),('Z0Z206HDHO0103381','Buick','Truck',2013,'VERANO',141406,'Fair','power train; ',1632.6,1306.08),('Z4RBIUHHJZS859016','Mitsubishi','Van',2002,'FE-HD',127020,'Excellent','best radiator; ',1443.93,1155.14),('Z4SH0SHZI01062444','Tesla','Sedan',2009,'ROADSTER',140520,'Very Good','automatic valves; ',2014.53,1611.62),('Z8UDI7LAGS7164830','Honda','Truck',2004,'ST1300',167400,'Very Good','station wagon (Also known as wagon.); ',2034.91,1627.93),('ZDIFPMGLJRT329921','Acura','Minivan',2012,'RDX',129628,'Excellent','best oil pump; best possible traction; ',5592.44,4473.95),('ZDR30CO5D6G733856','FIAT','Truck',2008,'DUCATO',85110,'Excellent',NULL,4404.99,3523.99),('ZIL5XS7BK6F565259','Ferrari','Convertible',2018,'CALIFORNIA',115032,'Very Good','modern dashboard; ',2357.56,1886.05),('ZIYO5EKWDKS246902','Volvo','Van',2018,'V60',11515,'Fair','original equipment manufacturer (OEM) parts; ',8553.46,6842.77),('ZJFVODF6M3T898510','Porsche','Minivan',2016,'BOXSTER',73979,'Fair','broad wheelbase; ',10534.2,8427.4),('ZS1M7DGNG0B708125','Dodge','SUV',2001,'RAM 2500 PICKUP',10388,'Excellent',NULL,5096.14,4076.91),('ZS1SXM3GTO8957023','Cadillac','Truck',2007,'ESCALADE EXT',11720,'Very Good','air filtration system; ',3635.52,2908.42),('ZXZP2ADJFMJ124788','Jeep','SUV',2009,'COMMANDER',2842,'Good',NULL,10341.7,8273.34);
/*!40000 ALTER TABLE `vehicle` ENABLE KEYS */;
UNLOCK TABLES;

--
-- Table structure for table `vehicle_color`
--

DROP TABLE IF EXISTS `vehicle_color`;
/*!40101 SET @saved_cs_client     = @@character_set_client */;
 SET character_set_client = utf8mb4 ;
CREATE TABLE `vehicle_color` (
  `vin` varchar(17) COLLATE utf8mb4_unicode_ci NOT NULL,
  `color` varchar(50) COLLATE utf8mb4_unicode_ci NOT NULL,
  PRIMARY KEY (`vin`,`color`),
  CONSTRAINT `fk_vehicleColor_vin_vehicle_vin` FOREIGN KEY (`vin`) REFERENCES `vehicle` (`vin`)
) ENGINE=InnoDB DEFAULT CHARSET=utf8mb4 COLLATE=utf8mb4_unicode_ci;
/*!40101 SET character_set_client = @saved_cs_client */;

--
-- Dumping data for table `vehicle_color`
--

LOCK TABLES `vehicle_color` WRITE;
/*!40000 ALTER TABLE `vehicle_color` DISABLE KEYS */;
INSERT INTO `vehicle_color` VALUES ('036JZFZ8I3K433701','Metallic'),('05AJ273ZM02946325','Navy'),('05WXEVLB5X8956206','White'),('0HJ3WSLKGZT340626','Rose'),('0KQT4QWDSFO183874','Bronze'),('0OZ6776OUA0065975','Bronze'),('0OZ6776OUA0065975','Brown'),('0OZ6776OUA0065975','Gray'),('0XHRC15HS5V123753','Claret'),('0XJA8OD4GS2220202','Black'),('0XJA8OD4GS2220202','Gray'),('0Y8HTOZ7K6L112375','Maroon'),('1D377TZAWSW801985','Navy'),('1D75678DO43448008','Orange'),('1EW5SWZMNBU661507','Beige'),('1EW5SWZMNBU661507','Claret'),('1EW5SWZMNBU661507','Gray'),('1J1RMS1AO48718511','Blue'),('1MF8O5K3V5X143850','Turquoise'),('1NVXI5JXG3Q330243','Tan'),('1RQR2NON75E373495','Cream'),('1U4MXLVV84A726331','Purple'),('1WU1KQALZ75403546','Rose'),('22420XMJ47N471618','White'),('23XI32P0M0K897737','Rose'),('27J2LRAE38R945176','White'),('2CEDOZQS3WI014174','Green'),('2KANK83IC2A444270','Rose'),('2TN1NJUXESG344969','Aluminum'),('30IT6VOHPTN692600','Copper'),('30IT6VOHPTN692600','Gold'),('30IT6VOHPTN692600','Pink'),('30KBYEYBKH5669910','Pink'),('31ZQB40Z55B784788','Beige'),('31ZQB40Z55B784788','Claret'),('31ZQB40Z55B784788','Copper'),('35TB5QWCJW0515619','Pink'),('38ZSAKVC20U930606','Gold'),('3HWBBE541KJ068668','Copper'),('3KYD25BMOB3101135','Maroon'),('3S8JO5UMV1Y166789','Rose'),('3U3N6HS8K3V143011','Aluminum'),('3VWJ7G74MRP551283','Yellow'),('41AHCTXZIUN699904','Green'),('426W8PU85BH593514','Rose'),('4G40BAXEV4V936460','Black'),('58SXUC0BZIA446980','Orange'),('5I71MA5PSO0445780','Blue'),('5U2302GFYRL619555','Silver'),('66BVP1UV1VM384215','Gold'),('6D300ABH65P725391','Purple'),('6GHR6AAGP36983674','Claret'),('6HKQMAEQ5PA690783','Claret'),('6HKQMAEQ5PA690783','Pink'),('6HKQMAEQ5PA690783','Purple'),('6KSCMBLK5DZ055754','Green'),('6PSJQWZYS2J443879','Aluminum'),('73MVKB63GMJ964569','Claret'),('7A13XEM0IMF171736','Rust'),('7F3L3GAY4BB268957','Tan'),('7FT34LPXEKD855738','Rose'),('7T0CI3XEYJA004139','Metallic'),('7W7UDF3KP41966929','Blue'),('7Y1EAHONCCS732936','Metallic'),('7YCPTKZS5B3163969','Silver'),('8BPZY476GS8852305','Brown'),('8C76DYYDYJU989849','Red'),('8CPKHCHU2W7031895','Beige'),('8FX05ZAH64B316440','Copper'),('8HJHTFE0FGU264640','Turquoise'),('A1NW00GFYRY803793','Rust'),('A2YAQD6KDWM503404','Metallic'),('ABCX0O07N6F519334','Black'),('AFTWPBMU2TA534019','Navy'),('AI51SMWRVBH997689','Copper'),('AKHFEO0D1D4893889','Silver'),('AN86IKI83LD618280','Brown'),('AN86IKI83LD618280','Red'),('ASBUY3C1GYP443816','White'),('ATWA3W65LU2848535','Bronze'),('AZCPHC4R1RY522608','Metallic'),('B2JQXKMCCJ3730138','Navy'),('B3V53WEVPX7253102','Aluminum'),('B3V53WEVPX7253102','Claret'),('B3V53WEVPX7253102','Orange'),('BHVL8OFSZ0G423785','Copper'),('BMMT70O7FLR864961','Gray'),('BNWE37HKK6A465562','Bronze'),('BNWE37HKK6A465562','Navy'),('BNWE37HKK6A465562','Purple'),('BX1OSN5TZYU191007','Beige'),('C0VHQRA5CIO857811','Silver'),('C1OCSTQ1VP0823459','Metallic'),('C4QIGI5R0PE739600','Gold'),('CHA3G8GE21K992177','Beige'),('CNXWEAHRICK569430','Blue'),('CQCKR5VZRWO844951','Copper'),('CQCKR5VZRWO844951','Metallic'),('CQCKR5VZRWO844951','Yellow'),('E5WGL31NMNQ304399','Rust'),('E5WGL31NMNQ304399','Turquoise'),('E64AFHYM7CM667399','Gold'),('E64AFHYM7CM667399','Maroon'),('E8MFMML51CM701156','Brown'),('EAJW0OF78HV386515','Orange'),('EBZZN84J0L1163524','Aluminum'),('EFUWNBMO3TM316916','Copper'),('EMARJQJLUEI221810','Blue'),('ENHQ8WS125F354364','White'),('EVDJMOIDNRC331823','Cream'),('F5BABPZQD3I737349','Claret'),('F6TVSMY2L2Z886673','Purple'),('FRCY3VYNL42885570','Metallic'),('FWOYW8SJUH7074597','Maroon'),('FZ1HFZ585WR955503','Aluminum'),('G33VJW8N2FY389186','Red'),('GB5EB3AIUD0242483','Rust'),('GBA0V3Z00JI851102','Brown'),('GC225MTL5DF831250','Blue'),('GKTLIDKGMZ6109105','Cream'),('GKTLIDKGMZ6109105','Green'),('GKTLIDKGMZ6109105','White'),('H0SVSC0X1W0660350','Black'),('H0SVSC0X1W0660350','Gray'),('H130KLLOZLY973998','Rust'),('H7PM7E5LCY5894305','Rose'),('H7PM7E5LCY5894305','Rust'),('H7PM7E5LCY5894305','Turquoise'),('I6M6GMQGG7C407268','Turquoise'),('I7CVVBU08H1044370','Cream'),('IB3FDW7VPTE357125','Purple'),('IHCVQSL87UO415387','Metallic'),('IKUQE1AIER1879688','Maroon'),('IOCT8QVK86C997015','Copper'),('JAH4TXSVFRZ937654','White'),('JB6TJOH3G13545501','Navy'),('JGARQY7YBFD847126','Pink'),('JVT2Q6U7HLH559100','Metallic'),('JVUFO2OOZH6501609','Gold'),('JVUFO2OOZH6501609','Pink'),('JVUFO2OOZH6501609','Silver'),('K23GQ1HYKID336715','Brown'),('K23GQ1HYKID336715','Navy'),('K5ZQ65X47KU986899','Turquoise'),('K6NPKFWC2DG818634','Green'),('KG6S1KYGKY7383089','Black'),('KIYTRMRZHSZ939929','Beige'),('KRDZJUDE7EC973298','Gray'),('KRDZJUDE7EC973298','Maroon'),('KSC5NS2WX0Q021711','Navy'),('L075CLEGAGV332326','Turquoise'),('L2G40AKW0DV261314','Pink'),('L8CKHAJ376Q732997','Blue'),('LAW66TO51NY340329','Turquoise'),('LEWHC17RSR2225266','Brown'),('LMC0DXV2F72475134','Brown'),('LN7ZMWGACVJ434473','Turquoise'),('LXLYHOV4G1Z722469','Black'),('LXLYHOV4G1Z722469','Orange'),('M58W6OQD1J3561088','Purple'),('M6J2KWLLUKW587077','Turquoise'),('MBKMABQOONK563483','Tan'),('MT0OEZQ7C5Q035531','Red'),('MW6HGX7M6O4186962','Beige'),('MW6HGX7M6O4186962','Pink'),('MW6HGX7M6O4186962','White'),('MW7W375RHHU707116','Aluminum'),('MXF3EGT2PAG490479','Orange'),('MYX14D30CZI581341','Pink'),('N5VAEVB47M5598208','Rose'),('NNLD761PGMY686484','Gray'),('NQC3ODNRG8W618383','Copper'),('NVDV1HTYNUU168147','Yellow'),('OOXPL1JMKRX336822','Rust'),('OUIFCWSPPHR650293','Beige'),('OUIFCWSPPHR650293','Red'),('OUIFCWSPPHR650293','Silver'),('OUXQFNQE2K7274854','Pink'),('P7UUVOVKPTD080947','Orange'),('PC02G0A675B935953','Turquoise'),('PEXVHDHEYM7282767','Brown'),('PHTKITC5C1H921363','Tan'),('PUVTYE6IVGN271318','White'),('QHUYKEFC12W678012','Black'),('QNGJBXZ0ZPN690169','Bronze'),('R56SEOUUT0R265399','Yellow'),('RUAW8E8S2SA826885','Rose'),('RZ64Q4VF3EC682670','Aluminum'),('RZ64Q4VF3EC682670','Cream'),('RZ64Q4VF3EC682670','Rust'),('S7OOZE7TI6U419267','Claret'),('S7OOZE7TI6U419267','Gold'),('SEXWGCZNLS4439650','Beige'),('SEXWGCZNLS4439650','Gold'),('SEXWGCZNLS4439650','Tan'),('SGEAZM7OHRE981138','Metallic'),('SJV51DZQ416158315','Bronze'),('SROKG0OMKKQ394333','Green'),('SWME2EZ3HDD006687','Brown'),('SX73Y7QKKQF628146','Maroon'),('SZAJTDBI6IL561669','Claret'),('T1HO8QC0CE5867880','White'),('TD5OFRN1LC8601752','Gray'),('U0PQOVOJXT2453885','Copper'),('U3HSV2KCE0Y319532','Bronze'),('UEHE08QS622862172','White'),('UVVEV0Y7R3V483738','Beige'),('V4JVFR4YRS7140562','Green'),('VDJS4PZ5A22366162','Claret'),('VDJS4PZ5A22366162','Turquoise'),('VP0U4FNOL1Q272112','Orange'),('VROU7UEWYWK097688','Maroon'),('VSGK3RYW2TC911641','Red'),('WJENS213H4U188325','Claret'),('WJUY8SU2JR0730363','Maroon'),('WMXOWCZE1MO140134','Orange'),('WN6OY1F26X1741004','Cream'),('WSHBRYQYDCI202435','Rust'),('WSMCQT2QRUX986498','Aluminum'),('X7PFFGNBSQI524327','Red'),('XG2F8AZ3DKK768039','Metallic'),('XG2F8AZ3DKK768039','Navy'),('XG2F8AZ3DKK768039','Rose'),('XK51E6IAGWW949280','Tan'),('XLHSC830B4B709486','Purple'),('XOBOW6AU18A917853','Yellow'),('XUV6JR4Q8SX652578','Brown'),('YB3M3MZEQ1J275307','Silver'),('YR8K00OE58G720472','Purple'),('YSPKFT8VKW8617087','Copper'),('Z0Z206HDHO0103381','Metallic'),('Z4RBIUHHJZS859016','Metallic'),('Z4SH0SHZI01062444','Rose'),('Z8UDI7LAGS7164830','Aluminum'),('ZDIFPMGLJRT329921','Rust'),('ZDR30CO5D6G733856','Gold'),('ZDR30CO5D6G733856','Pink'),('ZDR30CO5D6G733856','Silver'),('ZIL5XS7BK6F565259','Metallic'),('ZIYO5EKWDKS246902','Maroon'),('ZJFVODF6M3T898510','Brown'),('ZS1M7DGNG0B708125','Blue'),('ZS1SXM3GTO8957023','Pink'),('ZXZP2ADJFMJ124788','Bronze');
/*!40000 ALTER TABLE `vehicle_color` ENABLE KEYS */;
UNLOCK TABLES;

--
-- Table structure for table `vehicle_type`
--

DROP TABLE IF EXISTS `vehicle_type`;
/*!40101 SET @saved_cs_client     = @@character_set_client */;
 SET character_set_client = utf8mb4 ;
CREATE TABLE `vehicle_type` (
  `vehicle_type` varchar(50) COLLATE utf8mb4_unicode_ci NOT NULL,
  PRIMARY KEY (`vehicle_type`)
) ENGINE=InnoDB DEFAULT CHARSET=utf8mb4 COLLATE=utf8mb4_unicode_ci;
/*!40101 SET character_set_client = @saved_cs_client */;

--
-- Dumping data for table `vehicle_type`
--

LOCK TABLES `vehicle_type` WRITE;
/*!40000 ALTER TABLE `vehicle_type` DISABLE KEYS */;
INSERT INTO `vehicle_type` VALUES ('Convertible'),('Coupe'),('Minivan'),('Other'),('Sedan'),('SUV'),('Truck'),('Van');
/*!40000 ALTER TABLE `vehicle_type` ENABLE KEYS */;
UNLOCK TABLES;

--
-- Table structure for table `vendor`
--

DROP TABLE IF EXISTS `vendor`;
/*!40101 SET @saved_cs_client     = @@character_set_client */;
 SET character_set_client = utf8mb4 ;
CREATE TABLE `vendor` (
  `vendor_name` varchar(50) COLLATE utf8mb4_unicode_ci NOT NULL,
  `vendor_phone_number` varchar(20) COLLATE utf8mb4_unicode_ci NOT NULL,
  `street` varchar(50) COLLATE utf8mb4_unicode_ci NOT NULL,
  `city` varchar(50) COLLATE utf8mb4_unicode_ci NOT NULL,
  `state` varchar(50) COLLATE utf8mb4_unicode_ci NOT NULL,
  `postal_code` varchar(15) COLLATE utf8mb4_unicode_ci NOT NULL,
  PRIMARY KEY (`vendor_name`)
) ENGINE=InnoDB DEFAULT CHARSET=utf8mb4 COLLATE=utf8mb4_unicode_ci;
/*!40101 SET character_set_client = @saved_cs_client */;

--
-- Dumping data for table `vendor`
--

LOCK TABLES `vendor` WRITE;
/*!40000 ALTER TABLE `vendor` DISABLE KEYS */;
INSERT INTO `vendor` VALUES ('Cancity','4137272403','445 10-street','Dallas','TX','44164'),('Fasehatice','158952124','2139 14-street','Chandler','TX','62809'),('Newex','3321611463','6781 14-street','Durham','WI','50395'),('Rundofase','6976505267','175 12-street','Seattle','WA','8511'),('Toughzap','4602643035','6477 19-street','Bakersfield','FL','28366'),('Zencorporation','1034092507','6712 7-street','Jacksonville','FL','73886'),('Zoomit','8570724614','7392 11-street','Norfolk','NC','72802'),('Zumgoity','3587340254','5992 11-street','Stockton','OH','46220');
/*!40000 ALTER TABLE `vendor` ENABLE KEYS */;
UNLOCK TABLES;
/*!40103 SET TIME_ZONE=@OLD_TIME_ZONE */;

/*!40101 SET SQL_MODE=@OLD_SQL_MODE */;
/*!40014 SET FOREIGN_KEY_CHECKS=@OLD_FOREIGN_KEY_CHECKS */;
/*!40014 SET UNIQUE_CHECKS=@OLD_UNIQUE_CHECKS */;
/*!40101 SET CHARACTER_SET_CLIENT=@OLD_CHARACTER_SET_CLIENT */;
/*!40101 SET CHARACTER_SET_RESULTS=@OLD_CHARACTER_SET_RESULTS */;
/*!40101 SET COLLATION_CONNECTION=@OLD_COLLATION_CONNECTION */;
/*!40111 SET SQL_NOTES=@OLD_SQL_NOTES */;

-- Dump completed on 2019-07-10 16:51:02
